Dashboard,,,,,,,,,,,,,,,,,,,,,,,,,,,,,,
Piece Name,Set Name,Piece Type,Rarity,Base Def.,Fire Res.,Water Res.,Thunder Res.,Ice Res.,Dragon Res.,Lvl 1 Deco Slots,Lvl 2 Deco Slots,Lvl 3 Deco Slots,Text Description,Skill 1,Skill 1 Lvl,Skill 2,Skill 2 Lvl,Skill 3,Skill 3 Lvl,Group Skill,Set Bonus,Forging Price,Forge Mat 1,Forge Mat 1 Qty,Forge Mat 2,Forge Mat 2 Qty,Forge Mat 3,Forge Mat 3 Qty,Forge Mat 4,Forge Mat 4 Qty
Hope Mask,Hope,Head,1,2,1,0,1,0,0,-,-,-,Armor crafted specifically for members of the expedition. The mask keeps the sand out.,Stun Resistance,1,-,-,-,-,-,-,100,-,-,-,-,-,-,-,-
Hope Mail,Hope,Chest,1,2,1,0,1,0,0,-,-,-,Armor crafted specifically for members of the expedition. An all-seasons design for any clime. [sic],Divine Blessing,1,-,-,-,-,-,-,100,-,-,-,-,-,-,-,-
Hope Vambraces,Hope,Arms,1,2,1,0,1,0,0,-,-,-,Armor crafted specifically for members of the expedition. Pliant fingers help with precision work.,Divine Blessing,1,-,-,-,-,-,-,100,-,-,-,-,-,-,-,-
Hope Coil,Hope,Waist,1,2,1,0,1,0,0,-,-,-,Armor crafted specifically for members of the expedition. It is optimized for quick access.,Stun Resistance,1,-,-,-,-,-,-,100,-,-,-,-,-,-,-,-
Hope Greaves,Hope,Legs,1,2,1,0,1,0,0,-,-,-,Armor crafted specifically for members of the expedition. It can handle nearly any terrain.,Divine Blessing,1,-,-,-,-,-,-,100,-,-,-,-,-,-,-,-
Leather Headgear,Leather,Head,1,2,2,0,0,0,0,-,-,-,"Head armor made of treated monster hide. A safe choice, designed for multi-purpose use.",Botanist,1,-,-,-,-,-,-,100,-,-,-,-,-,-,-,-
Leather Vest,Leather,Chest,1,2,2,0,0,0,0,-,-,-,Simple chest armor reinforced with monster hide. A design that maximizes wearability.,Botanist,1,-,-,-,-,-,-,100,-,-,-,-,-,-,-,-
Leather Gloves,Leather,Arms,1,2,2,0,0,0,0,-,-,-,"Armguards reinforced with monster hide. They're light, but provide ample protection",Hunger Resistance,1,-,-,-,-,-,-,100,-,-,-,-,-,-,-,-
Leather Belt,Leather,Waist,1,2,2,0,0,0,0,-,-,-,Waistgear reinforced with monster hide. Hunters swear by it's no-nonsense functionality.,Botanist,1,-,-,-,-,-,-,100,-,-,-,-,-,-,-,-
Leather Pants,Leather,Legs,1,2,2,0,0,0,0,-,-,-,Leg armor reinforced with monster hide. Molds to the body with extended use.,Botanist,1,-,-,-,-,-,-,100,-,-,-,-,-,-,-,-
Chainmail Headgear,Chainmail,Head,1,2,0,2,0,0,0,-,-,-,Head armor made of woven chain links. Its familiar design inspires trust in hunters who wear it.,Geologist,1,-,-,-,-,-,-,100,-,-,-,-,-,-,-,-
Chainmail Vest,Chainmail,Chest,1,2,0,2,0,0,0,-,-,-,"Chest armor made of woven chain links. Tried and true, it offers solid, functional defense.",Geologist,1,-,-,-,-,-,-,100,-,-,-,-,-,-,-,-
Chainmail Gloves,Chainmail,Arms,1,2,0,2,0,0,0,-,-,-,Armguards made of woven chain links. They're easy to use and a breeze to maintain.,Geologist,1,-,-,-,-,-,-,100,-,-,-,-,-,-,-,-
Chainmail Belt,Chainmail,Waist,1,2,0,2,0,0,0,-,-,-,Waistgear made of woven chain links. A smart combination of materials keeps it extra light.,Recovery Speed,1,-,-,-,-,-,-,100,-,-,-,-,-,-,-,-
Chainmail Pants,Chainmail,Legs,1,2,0,2,0,0,0,-,-,-,Leg armor made of woven chain links. The clever weave prevents it from impairing movement.,Recovery Speed,1,-,-,-,-,-,-,100,-,-,-,-,-,-,-,-
Bone Helm,Bone,Head,1,4,2,0,2,0,2,-,-,-,"Traditional head armor crafted from monster bones. Believe it or not, it offers pretty good insulation.",Marathon Runner,1,-,-,-,-,-,-,100,Mystery Bone,1,-,-,-,-,-,-
Bone Mail,Bone,Chest,1,4,2,0,2,0,2,-,-,-,Traditional chest armor with a unique plating of intricately pieced together monster bones.,Marathon Runner,1,-,-,-,-,-,-,100,Mystery Bone,1,-,-,-,-,-,-
Bone Vambraces,Bone,Arms,1,4,2,0,2,0,2,-,-,-,Traditional armguards made from monster bones. It's a wonder these mismatched shapes fit together.,Stun Resistance,1,-,-,-,-,-,-,100,Mystery Bone,1,-,-,-,-,-,-
Bone Coil,Bone,Waist,1,4,2,0,2,0,2,-,-,-,"Traditional waistgear bound with monster bones. Looks crude, but it does the job.",Marathon Runner,1,-,-,-,-,-,-,100,Mystery Bone,1,-,-,-,-,-,-
Bone Greaves,Bone,Legs,1,4,2,0,2,0,2,-,-,-,Traditional leg armor crafted from monster bones so light it's like wearing nothing at all.,Stun Resistance,1,-,-,-,-,-,-,100,Mystery Bone,1,-,-,-,-,-,-
Bulaqchi Specs,Bulaqchi,Head,1,4,-4,1,1,-2,4,-,-,-,Spectacles made from Bulaqchi parts. The hottest new design for the stylish hunter.,Entomologist,1,-,-,-,-,-,-,100,Bulaqchi Shell,2,-,-,-,-,-,-
Talioth Vambraces,Talioth,Arms,1,4,4,-2,-2,-2,2,-,-,-,Talioth armguards. The forearm blades are a classic example of style over practicality.,Leap of Faith,1,-,-,-,-,-,-,100,Talioth Scale,1,Sharp Fang,1,-,-,-,-
Chatacabra Helm,Chatacabra,Head,1,6,1,2,-3,-1,1,-,-,-,Chatacabra head armor. The design is specially tailored for deseert hunting.,Speed Eating,1,-,-,-,-,-,-,200,Chatacabra Scale,2,Chatacabra Jaw,1,-,-,-,-
Chatacabra Mail,Chatacabra,Chest,1,6,1,2,-3,-1,1,-,-,-,Chatacabra chest armor. Equipped with generous elastic cushioning in the collar.,Speed Eating,1,-,-,-,-,-,-,200,Chatacabra Scale,2,Chatacabra Hide,2,Chatacabra Shell,1,-,-
Chatacabra Vambraces,Chatacabra,Arms,1,6,1,2,-3,-1,1,-,-,-,Chatacabra armguards. They protect the wrists without hampering weapon handling.,Item Prolonger,1,-,-,-,-,-,-,200,Chatacabra Hide,2,Chatacabra Shell,1,-,-,-,-
Chatacabra Coil,Chatacabra,Waist,1,6,1,2,-3,-1,1,-,-,-,"Chatacabra waistgear. The charming, heart-shaped pouch is made from its ample tongue.",Speed Eating,1,-,-,-,-,-,-,200,Chatacabra Certificate,1,Chatacabra Scale,2,Chatacabra Jaw,1,Sharp Fang,1
Chatacabra Greaves,Chatacabra,Legs,1,6,1,2,-3,-1,1,-,-,-,Leg armor made from Chatacabra spoils. A loose fit for maximum mobility.,Item Prolonger,1,-,-,-,-,-,-,200,Chatacabra Jaw,1,Chatacabra Shell,1,Mystery Bone,1,-,-
Quematrice Helm,Quematrice,Head,1,6,2,-3,0,-1,0,-,-,-,Head armor made from Quematrice spoils. The shock of feathers ties the whole look together.,Flinch Free,1,-,-,-,-,-,-,200,Quematrice Certificate,1,Quematrice Tail,1,Quematrice Igniter,1,Iron Ore,1
Quematrice Mail,Quematrice,Chest,1,6,2,-3,0,-1,0,-,-,-,"Quematrice chest armor. The design may look ceremonial, but it offers ample protection.",Fire Resistance,1,-,-,-,-,-,-,200,Quematrice Igniter,1,Quematrice Crest,1,Quematrice Tail,1,-,-
Quematrice Braces,Quematrice,Arms,1,6,2,-3,0,-1,0,-,-,-,Armguards made from Quematrice parts. The wide cuffs allow the wrists to move unimpeded.,Flinch Free,1,-,-,-,-,-,-,200,Quematrice Scale,2,Quematrice Igniter,1,-,-,-,-
Quematrice Coil,Quematrice,Waist,1,6,2,-3,0,-1,0,-,-,-,Flaunt-worthy Quematrice waistgear. Nothing shouts haute couture like flowing tassets.,Stun Resistance,1,-,-,-,-,-,-,200,Quematrice Hide,2,Quematrice Crest,1,-,-,-,-
Quematrice Greaves,Quematrice,Legs,1,6,2,-3,0,-1,0,-,-,-,Quematrice leg armor. The ornate gaiters let a hunter strut like Quematrice.,Flinch Free,1,-,-,-,-,-,-,200,Quematrice Scale,2,Quematrice Hide,2,Quematrice Crest,1,-,-
Alloy Helm,Alloy,Head,1,6,-2,1,-2,-2,1,-,-,-,"A helmet crafted from quality ore. While it doesn't look like much, this is highly functional armor.",Quick Sheathe,1,-,-,-,-,-,-,200,Machalite Ore,1,Iron Ore,1,-,-,-,-
Alloy Mail,Alloy,Chest,1,6,-2,1,-2,-2,1,-,-,-,"Chest armor crafted from quality ore. Made with a logical, no-frills construction that puts mobility first.",Tremor Resistance,1,-,-,-,-,-,-,200,Machalite Ore,1,Iron Ore,1,-,-,-,-
Alloy Vambraces,Alloy,Arms,1,6,-2,1,-2,-2,1,-,-,-,Armguards crafted from quality ore. Every element is streamlined for maximum utility.,Tremor Resistance,1,-,-,-,-,-,-,200,Machalite Ore,1,Iron Ore,1,-,-,-,-
Alloy Coil,Alloy,Waist,1,6,-2,1,-2,-2,1,-,-,-,Waistgear crafted from quality ore. The complexly shaded patina and sleek design are quite stunning.,Tremor Resistance,1,-,-,-,-,-,-,200,Machalite Ore,1,Earth Crystal,1,-,-,-,-
Alloy Greaves,Alloy,Legs,1,6,-2,1,-2,-2,1,-,-,-,Leg armor crafted from quality ore. What it lacks in charm it more than makes up in defense.,Quick Sheathe,1,-,-,-,-,-,-,200,Machalite Ore,1,Earth Crystal,1,-,-,-,-
Piragill Greaves,Piragill,Legs,1,4,-3,-3,4,1,1,-,-,-,"Piragill leg armor. A light, skintight fit made with the most exquisite, buttery-soft leather.",Water Resistance,1,-,-,-,-,-,-,200,Piragill Fin,1,Machalite Ore,1,-,-,-,-
Vespoid Helm,Vespoid,Head,1,4,-2,1,1,1,2,-,-,-,A Vespoid helmet. The carapace material is susceptible to fire but offers sturdy coverage.,Survival Expert,1,-,-,-,-,-,-,200,Vespoid Shell,1,Mystery Bone,1,-,-,-,-
Vespoid Mail,Vespoid,Chest,1,4,-2,1,1,1,2,-,-,-,Vespoid chest armor. Its arcane build provides formidable resistance to physical attacks.,Survival Expert,1,-,-,-,-,-,-,200,Vespoid Shell,1,Mystery Bone,1,-,-,-,-
Vespoid Vambraces,Vespoid,Arms,1,4,-2,1,1,1,2,-,-,-,"Vespoid armguards. They are as heavy as they look, but they afford significant defense.",Paralysis Resistance,1,-,-,-,-,-,-,200,Vespoid Shell,1,Vespoid Wing,1,-,-,-,-
Vespoid Coil,Vespoid,Waist,1,4,-2,1,1,1,2,-,-,-,Vespoid waistgear. The design arose from the study of highly defensive exoskeletons.,Paralysis Resistance,1,-,-,-,-,-,-,200,Vespoid Shell,1,Monster Fluid,1,-,-,-,-
Vespoid Greaves,Vespoid,Legs,1,4,-2,1,1,1,2,-,-,-,Leg armor made from Vespoid parts. Ingenious artisanship has further reinforced the carapace.,Survival Expert,1,-,-,-,-,-,-,200,Vespoid Shell,1,Vespoid Wing,1,-,-,-,-
Gajau Boots,Gajau,Legs,1,4,0,5,0,0,0,-,-,-,Leg armor made from Gajau spoils. The pliable hide even has fans outside the hunter community.,Water Resistance,1,-,-,-,-,-,-,200,Gajau Hide,1,-,-,-,-,-,-
Barina Headgear,Lala Barina,Head,1,8,-3,0,3,0,3,-,-,-,Lala Barina head armor. The rose embellishments were fashioned from its caparace.,Paralysis Resistance,1,-,-,-,-,-,-,200,Lala Barina Floret,2,Lala Barina Mucus,1,-,-,-,-
Barina Mail,Lala Barina,Chest,1,8,-3,0,3,0,3,-,-,-,"Lala Barina chest armor. It may look like normal clothing, but it's just as hardy as armor.",Paralysis Resistance,1,-,-,-,-,-,-,200,Lala Barina Floret,2,Lala Barina Shell,2,Lala Barina Stinger,1,-,-
Barina Vambraces,Lala Barina,Arms,1,8,-3,0,3,0,3,-,-,-,Lala Barina armguards that are so elegant they could pass as formal wear.,Recovery Up,1,-,-,-,-,-,-,200,Lala Barina Shell,2,Lala Barina Claw,1,-,-,-,-
Barina Coil,Lala Barina,Waist,1,8,-3,0,3,0,3,-,-,-,Lala Barina waistgear that nobility would gladly don just to make an impression.,Recovery Up,1,-,-,-,-,-,-,200,Lala Barina Mucus,1,Lala Barina Claw,1,Lala Barina Stinger,1,-,-
Barina Greaves,Lala Barina,Legs,1,8,-3,0,3,0,3,-,-,-,Lala Barina leg armor. Pulls the rose motif back in with subtle but elegant detailing.,Recovery Up,1,-,-,-,-,-,-,400,Lala Barina Certificate,1,Lala Barina Floret,2,Lala Barina Mucus,1,Monster Fluid,1
Conga Helm,Conga,Head,2,8,-3,1,1,-1,2,-,-,-,"Head armor made from Congalala materials. Remember: it's ""feral"", not ""unkempt"".",Mushroomancer,1,-,-,-,-,-,-,400,Congalala Claw,2,Vibrant Pelt,1,-,-,-,-
Conga Mail,Conga,Chest,2,8,-3,1,1,-1,2,-,-,-,Chest armor made from Congalala materials. The shocks of monster fur help hunters keep it wild.,Mushroomancer,1,-,-,-,-,-,-,400,Congalala Pelt,2,Congalala Claw,1,Vibrant Pelt,1,-,-
Conga Vambraces,Conga,Arms,2,8,-3,1,1,-1,2,-,-,-,Armguards made from Congalala materials. Crudely made but highly protective.,Stench Resistance,1,-,-,-,-,-,-,400,Congalala Fang,1,Vibrant Pelt,1,Machalite Ore,1,-,-
Conga Coil,Conga,Waist,2,8,-3,1,1,-1,2,-,-,-,"Waistgear made from Congalala materials, complete with an array of handy pockets!",Stench Resistance,1,-,-,-,-,-,-,400,Congalala Pelt,2,Congalala Fang,1,-,-,-,-
Conga Greaves,Conga,Legs,2,8,-3,1,1,-1,2,-,-,-,Greaves made of Congalala parts. Wild crafting perfect for those who run in the wilderness.,Mushroomancer,1,-,-,-,-,-,-,400,Congalala Certificate,1,Congalala Pelt,1,Congalala Fang,1,Conga Pelt,1
Balahara Helm,Balahara,Head,2,12,-1,2,-3,1,1,-,-,-,A Balahara helmet covered in roughly polished protrusions to strongly evoke its namesake.,Hunger Resistance,1,-,-,-,-,-,-,400,Balahara Scale,2,Balahara Skull,1,-,-,-,-
Balahara Mail,Balahara,Chest,2,12,-1,2,-3,1,1,-,-,-,Balahara chest armor. The bulky shoulders are roomy enough to allow ample movement.,Quick Sheathe,1,-,-,-,-,-,-,400,Balahara Scale,2,Balahara Shell,1,Balahara Tail,1,-,-
Balahara Vambraces,Balahara,Arms,2,12,-1,2,-3,1,1,-,-,-,Balahara armguards. The spikes are arranged artfully in a way that maximizes movement.,Evade Extender,1,-,-,-,-,-,-,400,Balahara Skull,1,Balahara Tail,1,Aqua Sac,1,-,-
Balahara Coil,Balahara,Waist,2,12,-1,2,-3,1,1,-,-,-,Balahara waistgear. The fabric is colored a shade of red that stirs a competitive spirit.,Evade Extender,1,-,-,-,-,-,-,400,Balahara Certificate,1,Balahara Scale,2,Balahara Shell,1,Balahara Black Pearl,1
Balahara Greaves,Balahara,Legs,2,12,-1,2,-3,1,1,-,-,-,"Spiny Balahara leg armor. The carapace has been split into clever, fluid parts.",Evade Extender,1,-,-,-,-,-,-,400,Balahara Shell,2,Balahara Skull,1,-,-,-,-
Doshaguma Helm,Doshaguma,Head,2,16,-3,2,-1,-1,4,-,-,-,Head armor made from Doshaguma parts. Pity any enemy who dares scoff at its imposing crest.,Free Meal,1,-,-,-,-,-,Doshaguma's Might,400,Doshaguma Fur,2,Doshaguma Hide,2,Doshaguma Fang,1,Herbivore Shell,1
Doshaguma Mail,Doshaguma,Chest,2,16,-3,2,-1,-1,4,-,-,-,Doshaguma chest armor. The lush shocks of fur function as a robust defensive layer.,Free Meal,1,-,-,-,-,-,Doshaguma's Might,400,Doshaguma Fur,2,Doshaguma Claw,1,-,-,-,-
Doshaguma Vambraces,Doshaguma,Arms,2,16,-3,2,-1,-1,4,-,-,-,"Doshaguma armguards. Teeming with such feral power, they had to be restrained with metal bracers.",Recovery Speed,1,-,-,-,-,-,Doshaguma's Might,400,Doshaguma Hide,2,Doshaguma Fang,1,-,-,-,-
Doshaguma Coil,Doshaguma,Waist,2,16,-3,2,-1,-1,4,-,-,-,Waistgear made from Doshaguma parts. Nothing can muss the thick pile of this sturdy sash.,Item Prolonger,1,-,-,-,-,-,Doshaguma's Might,400,Doshaguma Claw,1,Doshaguma Fang,2,Sturdy Bone,1,-,-
Doshaguma Greaves,Doshaguma,Legs,2,16,-3,2,-1,-1,4,-,-,-,"Doshaguma leg armor. Whether dune or sandstorm, nothing can slow its wearer's progress.",Free Meal,1,-,-,-,-,-,Doshaguma's Might,400,Doshaguma Certificate,1,Doshaguma Fur,2,Doshaguma Claw,1,Brute Bone,1
Ingot Helm,Ingot,Head,3,16,-2,0,3,-1,0,-,-,-,"Head armor fashioned from lustrous, golden ore. Regal protection with a crown to complete the look.",Divine Blessing,1,-,-,-,-,-,-,400,Dragonite Ore,1,Machalite Ore,1,-,-,-,-
Ingot Mail,Ingot,Chest,3,16,-2,0,3,-1,0,-,-,-,Chest armor crafter from brilliant golden ore. Its color and design are both highly pleasing.,Windproof,1,-,-,-,-,-,-,400,Dragonite Ore,1,Earth Crystal,1,-,-,-,-
Ingot Vambraces,Ingot,Arms,3,16,-2,0,3,-1,0,-,-,-,"Armguards fashioned from lustrous, golden ore. A union of artistry and utility with no absence of durability.",Stun Resistance,1,-,-,-,-,-,-,400,Dragonite Ore,1,Machalite Ore,1,-,-,-,-
Ingot Coil,Ingot,Waist,3,16,-2,0,3,-1,0,-,-,-,"Waistgear fashioned from lustrous, golden ore. It joins haute design with the very latest in armor craft.",Divine Blessing,1,-,-,-,-,-,-,400,Dragonite Ore,1,Earth Crystal,1,-,-,-,-
Ingot Greaves,Ingot,Legs,3,16,-2,0,3,-1,0,-,-,-,"Leg armor fashioned from lustrous, golden ore. Clever smithing makes the metal feel fluid and light.",Windproof,1,-,-,-,-,-,-,400,Dragonite Ore,1,Firestone,1,-,-,-,-
Kranodath Mail,Kranodath,Chest,3,16,-2,0,3,-1,0,-,-,-,Kranodath chest armor. What armor enthusiast could resist such ornate plating?,Flinch Free,2,-,-,-,-,Scaling Prowess,-,400,Kranodath Skull,1,Charred Oilbone,1,-,-,-,-
Comaqchi Accessory,Comaqchi,Head,3,16,-5,0,0,3,3,-,-,-,"A Comaqchi head accessory. The thin, sleek plating emanates an eldritch gleam.",Sleep Resistance,1,-,-,-,-,Neopteron Alert,-,400,Comaqchi Shell,2,-,-,-,-,-,-
Rompopolo Helm,Rompopolo,Head,3,18,0,-3,0,0,1,-,-,-,Rompopolo head armor. The mask is needed to ward off the material's residual toxins.,Wide-Range,1,-,-,-,-,Flexible Leathercraft,-,500,Rompopolo Hide,2,Rompopolo Claw,1,Rompopolo Beak,1,-,-
Rompopolo Mail,Rompopolo,Chest,3,18,0,-3,0,0,1,-,-,-,Well-padded Rompopolo chest armor. The fabric contains poison that — supposedly — never leaks.,Wide-Range,1,-,-,-,-,Flexible Leathercraft,-,500,Rompopolo Hide,2,Spotted Poison Hide,1,-,-,-,-
Rompopolo Vambraces,Rompopolo,Arms,3,18,0,-3,0,0,1,-,-,-,"Rompopolo armguards. The poisonous needles in the claws are neat, but tricky to use.",Wide-Range,1,Poison Resistance,1,-,-,Flexible Leathercraft,-,500,Spotted Poison Hide,1,Rompopolo Beak,1,Poison Sac,1,-,-
Rompopolo Coil,Rompopolo,Waist,3,18,0,-3,0,0,1,-,-,-,Rompopolo waistgear fully equipped with instruments needed to handle poison.,Wide-Range,1,Poison Resistance,1,-,-,Flexible Leathercraft,-,500,Rompopolo Certificate,1,Rompopolo Hide,2,Spotted Poison Hide,1,Dragonite Ore,1
Rompopolo Greaves,Rompopolo,Legs,3,18,0,-3,0,0,1,-,-,-,Rompopolo leg armor. Careful you don't accidentally lean on those spare vials of poison...,Wide-Range,1,-,-,-,-,Flexible Leathercraft,-,500,Rompopolo Claw,2,Rompopolo Beak,1,-,-,-,-
Nerscylla Helm,Nerscylla,Head,3,20,-2,2,-2,1,2,-,-,-,A helmet made from Nerscylla spoils. Protection this durable requires masterful precision and execution.,Ambush,1,-,-,-,-,Neopteron Alert,-,500,Nerscylla Chelicera,1,Nerscylla Spike,1,Rubbery Hide,1,-,-
Nerscylla Mail,Nerscylla,Chest,3,20,-2,2,-2,1,2,-,-,-,Chest armor made from Nerscylla materials. Advanced engineering makes it feel impossibly light.,Poison Resistance,1,Bind Resistance,1,-,-,Neopteron Alert,-,500,Nerscylla Claw,2,Nerscylla Spike,1,-,-,-,-
Nerscylla Vambraces,Nerscylla,Arms,3,20,-2,2,-2,1,2,-,-,-,Armguards made from Nerscylla spoils. Extra play in the fingers helps improve weapon handling.,Ambush,1,-,-,-,-,Neopteron Alert,-,500,Nerscylla Shell,2,Nerscylla Claw,1,Nerscylla Spike,1,-,-
Nerscylla Coil,Nerscylla,Waist,3,20,-2,2,-2,1,2,-,-,-,Waistgear made from Nerscylla spoils. A work of art that exhibits a deep dedication to armor craft.,Sleep Resistance,1,Bind Resistance,1,-,-,Neopteron Alert,-,500,Nerscylla Chelicera,1,Nerscylla Spike,1,Rubbery Hide,1,-,-
Nerscylla Greaves,Nerscylla,Legs,3,20,-2,2,-2,1,2,-,-,-,Leg armor made from Nerscylla spoils. It keeps hunters light on their feet and looking good in action.,Ambush,1,-,-,-,-,Neopteron Alert,-,500,Nerscylla Shell,2,Nerscylla Chelicera,1,-,-,-,-
Hirabami Headdress,Hirabami,Head,3,22,-3,2,-2,3,0,-,-,-,Head armor made from Hirabami spoils. It keeps the wearer attuned and bound to the wind at all times.,Evade Window,1,Recovery Speed,1,-,-,Scaling Prowess,-,500,Hirabami Webbing,1,Hirabami Tail Claw,1,Frost Sac,1,-,-
Hirabami Mail,Hirabami,Chest,3,22,-3,2,-2,3,0,-,-,-,Chest armor made from Hirabami spoils. The style is inspired by the gallant warriors of a foreign land.,Evade Window,1,Recovery Speed,1,-,-,Scaling Prowess,-,500,Hirabami Hide,2,Hirabami Tail Claw,1,-,-,-,-
Hirabami Vambraces,Hirabami,Arms,3,22,-3,2,-2,3,0,-,-,-,Armguards made from Hirabami spoils. Wind rises at the fingertips in warning to all adversaries.,Evade Window,1,Ice Resistance,1,-,-,Scaling Prowess,-,500,Hirabami Scale,2,Hirabami Wbbing ,1,-,-,-,-
Hirabami Coil,Hirabami,Waist,3,22,-3,2,-2,3,0,-,-,-,Waistgear made from Hirabami spoils. The elegant sash harnesses the wind to mitigate impacts.,Evade Window,1,Ice Resistance,1,-,-,Scaling Prowess,-,500,Hirabami Scale,2,Hirabami Hide,1,Hirabami Tail Claw,1,-,-
Hirabami Greaves,Hirabami,Legs,3,22,-3,2,-2,3,0,-,-,-,"Leg armor made from Hirabami spoils. Designed for mobility, they feel like walking on wind.",Evade Window,1,Ice Resistance,1,-,-,Scaling Prowess,-,500,Hirabami Certificate,1,Hirabami Scale,2,Hirabami Webbing,1,Frozen Icebone,1
Ajarakan Helm,Ajarakan,Head,3,24,3,-3,1,-2,0,-,-,-,Imposing Ajarakan head armor. Donning it will draw the fires from within to burst forth.,Partbreaker,1,Bombardier,1,-,-,Fortifying Pelt,-,500,Ajarakan Certificate,1,Ajarakan Tail,1,Ajarakan Jewel,1,Ajarakan Marrow,1
Ajarakan Mail,Ajarakan,Chest,3,24,3,-3,1,-2,0,-,-,-,Ajarakan chest armor. The heat of its flames warns prey of their final immolation.,Partbreaker,1,-,-,-,-,Fortifying Pelt,-,500,Ajarakan Scale,2,Ajarakan Jewel,1,-,-,-,-
Ajarakan Vambraces,Ajarakan,Arms,3,24,3,-3,1,-2,0,-,-,-,Mighty Ajarakan armguards. They have just as much ground-shaking power as their namesake.,Bombardier,1,Cliffhanger,1,-,-,Fortifying Pelt,-,500,Ajarakan Scale,2,Ajarakan Shell,2,Ajarakan Ridge,1,-,-
Ajarakan Coil,Ajarakan,Waist,3,24,3,-3,1,-2,0,-,-,-,Ajarakan waistgear. It acts as a tether to quell the wearer's exploding rage.,Blast Resistance,1,Bombardier,1,-,-,Fortifying Pelt,-,500,Ajarakan Shell,2,Ajarakan Ridge,1,-,-,-,-
Ajarakan Greaves,Ajarakan,Legs,3,24,3,-3,1,-2,0,-,-,-,Flame crested Ajarakan leg armor. A heat so fierce that each step makes the earth shudder in agony.,Blast Resistance,1,Partbreaker,1,-,-,Fortifying Pelt,-,500,Ajarakan Jewel,1,Ajarakan Ridge,1,Ajarakan Tail,1,-,-
G. Seikret Coil,Guardian Seikret,Waist,4,22,0,0,4,0,-3,1,-,-,"Guardian Seikret waistgear. The long, white feathers produce a faint, exquisite glow.",Jump Master,1,-,-,-,-,Guardian's Pulse,-,700,Guardian Seikret Feather,2,Tough Guardian Bone,1,-,-,-,-
Duna Helm,Uth Duna,Head,4,26,-1,4,-3,0,0,-,-,-,Uth Duna head armor. The plumage crafted from its fins convey the forest's will to the wearer.,Peak Performance,1,Tool Specialist,1,-,-,Lord's Favor,Uth Duna's Cover,1000,Uth Duna Certificate,1,Uth Duna Scale,2,Uth Duna Plate,1,Guardian Blood,1
Duna Mail,Uth Duna,Chest,4,26,-1,4,-3,0,0,1,-,-,Uth Duna chest armor. The tightly fitted scales make the wearer feel as if they are one with nature.,Peak Performance,1,-,-,-,-,Lord's Favor,Uth Duna's Cover,1000,Uth Duna Cilia,1,Uth Duna Tentacle,1,Uth Duna Claw,2,Guardian Scale,1
Duna Vambraces,Uth Duna,Arms,4,26,-1,4,-3,0,0,1,-,-,Uth Duna armguards. The rows of stone beading are en elegant touch that boosts concentration.,Tool Specialist,1,-,-,-,-,Lord's Favor,Uth Duna's Cover,1000,Uth Duna Hide,2,Uth Duna Tentacle,1,Guardian Pelt,1,-,-
Duna Coil,Uth Duna,Waist,4,26,-1,4,-3,0,0,-,-,-,"Uth Duna waistgear. The fabric is imbued with the breath of the forest, absorbing any impact.",Tool Specialist,1,Aquatic/Oilsilt Mobility,1,-,-,Lord's Favor,Uth Duna's Cover,1000,Uth Duna Scale,2,Uth Duna Cilia,1,-,-,-,-
Duna Greaves,Uth Duna,Legs,4,26,-1,4,-3,0,0,-,-,-,Elaborately patterned Uth Duna leg armor. The design is said to invoke the forest's protection.,Peak Performance,1,-,-,-,-,Lord's Favor,Uth Duna's Cover,1000,Uth Duna Scale,2,Uth Duna Hide,2,Uth Duna Claw,1,-,-
Rey Sandhelm,Rey Dau,Head,4,26,0,-2,4,-3,0,-,-,-,Rey Dau head armor. Its crest reaches the heavens–proof that this creature bows to no one.,Latent Power,1,-,-,-,-,Lord's Favor,Rey Dau's Voltage,1000,Rey Dau Scale,2,Rey Dau Shell,2,Rey Dau Thunderhorn,1,-,-
Rey Sandmail,Rey Dau,Chest,4,26,0,-2,4,-3,0,-,-,-,Rey Dau chest armor. Its carapace has been meticulously paneled into a bastion of defense.,Constitution,1,-,-,-,-,Lord's Favor,Rey Dau's Voltage,1000,Rey Dau Scale,2,Rey Dau Wingtalon,1,-,-,-,-
Rey Sandbraces,Rey Dau,Arms,4,26,0,-2,4,-3,0,1,-,-,Rey Dau armguards. A lingering charge gives the wearer a grip like a vice.,Latent Power,1,-,-,-,-,Lord's Favor,Rey Dau's Voltage,1000,Rey Dau Wingtalon,1,Rey Dau Thunderhorn,1,Rey Dau Tail,1,Guardian Scale,1
Rey Sandcoil,Rey Dau,Waist,4,26,0,-2,4,-3,0,1,-,-,Rey Dau waistgear. The faintly glowing buckle inspires awe and respect.,Constitution,1,-,-,-,-,Lord's Favor,Rey Dau's Voltage,1000,Rey Dau Shell,2,Rey Dau Thunderhorn,1,Guardian Pelt,1,Wingdrake Hide,1
Rey Sandgreaves,Rey Dau,Legs,4,26,0,-2,4,-3,0,-,-,-,Rey Dau leg armor. A layer of latent electricity cushions blows and softens landings.,Constitution,1,Latent Power,1,-,-,Lord's Favor,Rey Dau's Voltage,1000,Rey Dau Certificate,1,Rey Dau Tail,1,Rey Dau Plate,1,Guardian Blood,1
Udra Mirehelm,Nu Udra,Head,4,26,5,-4,0,1,0,1,-,-,Nu Udra head armor. The world throug this mask is swathed in vengeance and ebony fire.,Resentment,1,-,-,-,-,Lord's Favor,Nu Udra's Mutiny,1000,Nu Udra Hide,2,Nu Udra Spike,1,Nu Udra Horn,1,-,-
Udra Miremail,Nu Udra,Chest,4,26,5,-4,0,1,0,-,-,-,"Nu Udra chest armor. As if a curse manifested, tentacles drape down to form a haunting cape.",Resentment,1,Speed Eating,1,-,-,Lord's Favor,Nu Udra's Mutiny,1000,Nu Udra Certificate,1,Nu Udra Hide,2,Nu Udra Cerebrospinal Fluid,1,Guardian Blood,1
Udra Mirebraces,Nu Udra,Arms,4,26,5,-4,0,1,0,1,-,-,"Chilling Nu Udra armguards. They wrap one's sense of touch, changing warmth to cold nothingness.",Speed Eating,1,-,-,-,-,Lord's Favor,Nu Udra's Mutiny,1000,Nu Udra Hide,2,Nu Udra Oilmucus,1,-,-,-,-
Udra Mirecoil,Nu Udra,Waist,4,26,5,-4,0,1,0,1,-,-,Nu Udra waistgear. The gnash of spikes and fangs are bound by a personalized curse.,Resentment,1,-,-,-,-,Lord's Favor,Nu Udra's Mutiny,1000,Nu Udra Oilmucus,1,Nu Udra Tentacle,1,Nu Udra Horn,1,Guardian Blood,1
Udra Miregreaves,Nu Udra,Legs,4,26,5,-4,0,1,0,1,-,-,Nu Udra leg armor. The wearer could cross a sea of fire without so much as a blister.,Speed Eating,1,-,-,-,-,Lord's Favor,Nu Udra's Mutiny,1000,Nu Udra Spike,2,Nu Udra Tentacle,1,Guardian Pelt,1,Charred Oilbone,1
G. Doshaguma Helm,Guardian Doshaguma,Head,4,26,-3,2,-1,-2,2,1,-,-,Head armor made from Guardian Doshaguma spoils. To don it is to be seized by unspeakable cravings.,Heroics,1,-,-,-,-,Guardian's Pulse,Doshaguma's Might,800,Guardian Doshaguma Fur,2,Guardian Doshaguma Hide,2,Guardian Doshaguma Fang,1,-,-
G. Doshaguma Mail,Guardian Doshaguma,Chest,4,26,-3,2,-1,-2,2,-,-,-,Chest armor made from Guardian Doshaguma spoils. It instills a new vitality and sense of purpose.,Heroics,1,Iron Skin,1,-,-,Guardian's Pulse,Doshaguma's Might,800,Guardian Doshaguma Fur,2,Guardian Doshaguma Claw,1,-,-,-,-
G. Doshaguma Braces,Guardian Doshaguma,Arms,4,26,-3,2,-1,-2,2,1,-,-,Armguards made from Guardian Doshaguma spoils. They agitate the wearer unless in constant motion.,Marathon Runner,1,-,-,-,-,Guardian's Pulse,Doshaguma's Might,800,Guardian Doshaguma Hide,2,Guardian Doshaguma Fang,1,-,-,-,-
G. Doshaguma Coil,Guardian Doshaguma,Waist,4,26,-3,2,-1,-2,2,-,-,-,Waistgear made from Guardian Doshaguma spoils. The white areas self-repair when damaged.,Heroics,1,Marathon Runner,1,-,-,Guardian's Pulse,Doshaguma's Might,800,G. Doshaguma Certificate,1,Guardian Doshaguma Fur,2,Guardian Doshaguma Claw,1,Guardian Blood,1
G. Doshaguma Greaves,Guardian Doshaguma,Legs,4,26,-3,2,-1,-2,2,-,-,-,Leg armor made from Guardian Doshaguma spoils. Produces a faint white aura when worn.,Iron Skin,1,Marathon Runner,1,-,-,Guardian's Pulse,Doshaguma's Might,800,Guardian Doshaguma Claw,1,Guardian Doshaguma Fang,1,Guardian Pelt,1,-,-
G. Rathalos Helm,Guardian Rathalos,Head,4,26,3,1,-2,1,-5,-,-,-,Head armor made from Guardian Rathalos spoils. To don it is to be seized by unspeakable cravings.,Weakness Exploit,1,Intimidator,1,-,-,Guardian's Pulse,Rathalos's Flare,800,G. Rathalos Certificate,1,Guardian Rathalos Scale,2,Guardian Rathalos Shell,1,Guardian Rathalos Plate,1
G. Rathalos Mail,Guardian Rathalos,Chest,4,26,3,1,-2,1,-5,1,-,-,Chest armor made from Guardian Rathalos spoils. It instills a new vitality and sense of purpose.,Intimidator,1,-,-,-,-,Guardian's Pulse,Rathalos's Flare,800,Guardian Rathalos Shell,2,Guardian Rathalos Webbing,1,-,-,-,-
G. Rathalos Vambraces,Guardian Rathalos,Arms,4,26,3,1,-2,1,-5,1,-,-,Armguards made from Guardian Rathalos spoils. They agitate the wearer unless in constant motion.,Weakness Exploit,1,-,-,-,-,Guardian's Pulse,Rathalos's Flare,800,Guardian Rathalos Scale,2,Guardian Rathalos Shell,2,Guardian Rathalos Tail,1,-,-
G. Rathalos Coil,Guardian Rathalos,Waist,4,26,3,1,-2,1,-5,1,-,-,Waistgear made from Guardian Rathalos spoils. The white areas self-repair when damaged.,Intimidator,1,-,-,-,-,Guardian's Pulse,Rathalos's Flare,800,Guardian Rathalos Scale,2,Guardian Rathalos Webbing,1,-,-,-,-
G. Rathalos Greaves,Guardian Rathalos,Legs,4,26,3,1,-2,1,-5,1,-,-,Leg armor made from Guardian Rathalos spoils. Produces a faint white aura when worn.,Weakness Exploit,1,-,-,-,-,Guardian's Pulse,Rathalos's Flare,800,Guardian Rathalos Webbing,1,Guardian Rathalos Tail,1,Guardian Scale,1,-,-
G. Ebony Helm,Guardian Ebony,Head,4,26,-2,-3,-2,-2,4,1,-,-,Head armor made from Guardian Ebony Odogaron spoils. To don it is to be seized by unspeakable cravings.,Burst,1,-,-,-,-,Guardian's Pulse,Ebony Odogaron's Power,800,Guardian Ebony Claw,1,Guardian Ebony Fang,1,Guardian Ebony Tail,1,-,-
G. Ebony Mail,Guardian Ebony,Chest,4,26,-2,-3,-2,-2,4,1,-,-,Chest armor made from Guardian Ebony Odogaron spoils. It instills a new vitality and sense of purpose.,Bleeding Resistance,1,-,-,-,-,Guardian's Pulse,Ebony Odogaron's Power,800,Guardian Ebony Sinew,2,Guardian Ebony Fang,1,-,-,-,-
G. Ebony Braces,Guardian Ebony,Arms,4,26,-2,-3,-2,-2,4,1,-,-,Armguards made from Guardian Ebony Odogaron spoils. They agitate the wearer unless in constant motion.,Burst,1,-,-,-,-,Guardian's Pulse,Ebony Odogaron's Power,800,Guardian Ebony Scale,2,Guardian Ebony Sinew,2,Guardian Ebony Fang,1,-,-
G. Ebony Coil,Guardian Ebony,Waist,4,26,-2,-3,-2,-2,4,-,-,-,Waistgear made from Guardian Ebony Odogaron spoils. The white areas self-repair when damaged.,Burst,1,Bleeding Resistance,1,-,-,Guardian's Pulse,Ebony Odogaron's Power,800,G. Ebony Odogaron Certificate,1,Guardian Ebony Tail,1,Guardian Ebony Claw,3,Guardian Ebony Plate,1
G. Ebony Greaves,Guardian Ebony,Legs,4,26,-2,-3,-2,-2,4,1,-,-,Leg armor from Guardian Ebony Odogaron spoils. Produces a faint white aura when worn.,Bleeding Resistance,1,-,-,-,-,Guardian's Pulse,Ebony Odogaron's Power,800,Guardian Ebony Scale,2,Guardian Ebony Claw,1,-,-,-,-
Xu Wu Helm,Xu Wu,Head,4,26,1,1,1,-3,2,1,-,-,Concealing Xu Wu head armor. Fitting attire for hunters who dwell in darkness.,Maximum Might,1,-,-,-,-,Flexible Leathercraft,-,800,Xu Wu Hide,2,Golden Corneum,2,Xu Wu Fang,1,Tough Guardian Bone,1
Xu Wu Mail,Xu Wu,Chest,4,26,1,1,1,-3,2,1,-,-,Xu Wu chest armor. The long scarf can be used as protective gear and multi-purpose rope.,Stamina Surge,1,-,-,-,-,Flexible Leathercraft,-,800,Golden Corneum,2,Xu Wu Tentacle,1,-,-,-,-
Xu Wu Vambraces,Xu Wu,Arms,4,26,1,1,1,-3,2,1,-,-,Xu Wu armguards. The clever design gives the wearer's fingers a nimble edge even in the dark.,Maximum Might,1,-,-,-,-,Flexible Leathercraft,-,800,Xu Wu Hide,2,Xu Wu Claw,1,-,-,-,-
Xu Wu Coil,Xu Wu,Waist,4,26,1,1,1,-3,2,-,-,-,Slinky Xu Wu waistgear. The uniquely textured leather moves silent as a whisper.,Maximum Might,1,Stamina Surge,1,-,-,Flexible Leathercraft,-,800,Xu Wu Certificate,1,Xu Wu Hide,2,Xu Wu Claw,1,Xu Wu Cerebrospinal Fluid,1
Xu Wu Greaves,Xu Wu,Legs,4,26,1,1,1,-3,2,1,-,-,Xu Wu leg armor. Meticulously crafted to allow the wearer to slink silently through the dark.,Stamina Surge,1,-,-,-,-,Flexible Leathercraft,-,800,Xu Wu Claw,1,Xu Wu Tentacle,1,Xu Wu Fang,1,-,-
G. Arkveld Helm,Guardian Arkveld,Head,4,30,2,0,-1,0,-4,1,-,-,Guardian Arkveld head armor. A host of heightened senses make up for the narrow view.,Flayer,1,-,-,-,-,Guardian's Pulse,Guardian Arkveld's Vitality,1500,Guardian Blood,1,Guardian Rathalos Webbing,2,Guardian Scale,1,-,-
G. Arkveld Mail,Guardian Arkveld,Chest,4,30,2,0,-1,0,-4,-,-,-,Guardian Arkveld chest armor. It beckons forth a shudder of indescribable power.,Flayer,1,-,-,-,-,Guardian's Pulse,Guardian Arkveld's Vitality,1500,Guardian Blood,1,Guardian Ebony Claw,2,Tough Guardian Bone,3,-,-
G. Arkveld Vambraces,Guardian Arkveld,Arms,4,30,2,0,-1,0,-4,1,-,-,Guardian Arkveld armguards. Instills the desire to tear at friend and foe alike.,Flayer,1,Blight Resistance,1,-,-,Guardian's Pulse,Guardian Arkveld's Vitality,1500,Guardian Blood,1,Guardian Scale,2,Guardian Seikret Feather,2,-,-
G. Arkveld Coil,Guardian Arkveld,Waist,4,30,2,0,-1,0,-4,2,-,-,"Guardian Arkveld waistgear. The chains writhe subtly, eager to ensnare prey.",Blight Resistance,1,-,-,-,-,Guardian's Pulse,Guardian Arkveld's Vitality,1500,Guardian Blood,1,Guardian Doshaguma Claw,2,Guardian Pelt,1,-,-
G. Arkveld Greaves,Guardian Arkveld,Legs,4,30,2,0,-1,0,-4,1,-,-,"Guardian Arkveld leg armor. Their power grows with each relentless, hungry step.",Blight Resistance,1,-,-,-,-,Guardian's Pulse,Guardian Arkveld's Vitality,1500,Guardian Blood,1,Guardian Pelt,2,-,-,-,-
Hope Mask α,Hope α,Head,5,26,1,0,1,0,0,1,-,-,Armor crafted specifically for members of the expedition. The mask keeps the sand out.,Divine Blessing,2,-,-,-,-,-,-,2500,Sturdy Bone,2,Iron Ore,1,-,-,-,-
Hope Mail α,Hope α,Chest,5,26,1,0,1,0,0,2,-,-,Armor crafted specifically for members of the expedition. An all-seasons design for any clime.,Poison Resistance,1,-,-,-,-,-,-,2500,Sturdy Bone,1,Earth Crystal,1,-,-,-,-
Hope Vambraces α,Hope α,Arms,5,26,1,0,1,0,0,2,-,-,Armor crafted specifically for members of the expedition. Pliant fingers help with precision work.,Sleep Resistance,1,-,-,-,-,-,-,2500,Sturdy Bone,2,Earth Crystal,1,-,-,-,-
Hope Coil α,Hope α,Waist,5,26,1,0,1,0,0,1,-,-,Armor crafted specifically for members of the expedition. It is optimized for quick access.,Divine Blessing,1,Stun Resistance,1,-,-,-,-,2500,Sturdy Bone,1,Iron Ore,1,-,-,-,-
Hope Greaves α,Hope α,Legs,5,26,1,0,1,0,0,1,-,-,Armor crafted specifically for members of the expedition. It can handle nearly any terrain.,Stun Resistance,2,-,-,-,-,-,-,2500,Sturdy Bone,3,-,-,-,-,-,-
Leather Headgear α,Leather α,Head,5,26,2,0,0,0,0,1,-,-,"Head armor made of treated monster hide. A safe choice, designed for multi-purpose use.",Botanist,2,-,-,-,-,-,-,2500,Guardian Pelt,1,-,-,-,-,-,-
Leather Mail α,Leather α,Chest,5,26,2,0,0,0,0,1,-,-,Simple chest armor reinforced with monster hide. A design that maximizes wearability.,Botanist,1,Item Prolonger,1,-,-,-,-,2500,Guardian Pelt,1,Machalite Ore,1,-,-,-,-
Leather Gloves α,Leather α,Arms,5,26,2,0,0,0,0,1,-,-,"Armguards reinforced with monster hide. They're light, but provide ample protection",Botanist,1,Hunger Resistance,1,-,-,-,-,2500,Guardian Pelt,1,Machalite Ore,1,-,-,-,-
Leather Belt α,Leather α,Waist,5,26,2,0,0,0,0,2,-,-,Waistgear reinforced with monster hide. Hunters swear by it's no-nonsense functionality.,Hunger Resistance,1,-,-,-,-,-,-,2500,Guardian Pelt,1,-,-,-,-,-,-
Leather Pants α,Leather α,Legs,5,26,2,0,0,0,0,1,-,-,Leg armor reinforced with monster hide. Molds to the body with extended use.,Hunger Resistance,1,Item Prolonger,1,-,-,-,-,2500,Guardian Pelt,1,Machalite Ore,1,-,-,-,-
Chainmail Headgear α,Chainmail α,Head,5,26,0,2,0,0,0,2,-,-,Head armor made of woven chain links. Its familiar design inspires trust in hunters who wear it.,Geologist,1,-,-,-,-,-,-,2500,Guardian Scale,1,Icium,1,-,-,-,-
Chainmail Armor α,Chainmail α,Chest,5,26,0,2,0,0,0,1,-,-,"Chest armor made of woven chain links. Tried and true, it offers solid, functional defense.",Ice Resistance,1,Geologist,1,-,-,-,-,2500,Guardian Scale,1,-,-,-,-,-,-
Chainmail Gloves α,Chainmail α,Arms,5,26,0,2,0,0,0,1,-,-,Armguards made of woven chain links. They're easy to use and a breeze to maintain.,Recovery Speed,1,Geologist,1,-,-,-,-,2500,Guardian Scale,1,Icium,1,-,-,-,-
Chainmail Belt α,Chainmail α,Waist,5,26,0,2,0,0,0,1,-,-,Waistgear made of woven chain links. A smart combination of materials keeps it extra light.,Ice Resistance,1,Recovery Speed,1,-,-,-,-,2500,Guardian Scale,1,-,-,-,-,-,-
Chainmail Pants α,Chainmail α,Legs,5,26,0,2,0,0,0,2,-,-,Leg armor made of woven chain links. The clever weave prevents it from impairing movement.,Recovery Speed,1,-,-,-,-,-,-,2500,Guardian Scale,1,Icium,1,-,-,-,-
Bone Helm α,Bone α,Head,5,32,2,0,2,0,2,1,-,-,"Traditional head armor crafted from monster bones. Believe it or not, it offers pretty good insulation.",Stun Resistance,1,Speed Eating,1,-,-,-,-,2500,Quality Bone,1,Frozen Icebone,1,-,-,-,-
Bone Mail α,Bone α,Chest,5,32,2,0,2,0,2,1,-,-,Traditional chest armor with a unique plating of intricately pieced together monster bones.,Stun Resistance,1,Marathon Runner,1,-,-,-,-,2500,Quality Bone,1,Charred Oilbone,1,-,-,-,-
Bone Vambraces α,Bone α,Arms,5,32,2,0,2,0,2,1,-,-,Traditional armguards made from monster bones. It's a wonder these mismatched shapes fit together.,Marathon Runner,1,Speed Eating,1,-,-,-,-,2500,Quality Bone,1,Frozen Icebone,1,-,-,-,-
Bone Coil α,Bone α,Waist,5,32,2,0,2,0,2,2,-,-,"Traditional waistgear bound with monster bones. Looks crude, but it does the job.",Marathon Runner,1,-,-,-,-,-,-,2500,Quality Bone,1,Tough Guardian Bone,1,-,-,-,-
Bone Greaves α,Bone α,Legs,5,32,2,0,2,0,2,2,-,-,Traditional leg armor crafted from monster bones so light it's like wearing nothing at all.,Stun Resistance,1,-,-,-,-,-,-,2500,Quality Bone,1,Charred Oilbone,1,-,-,-,-
Alloy Helm α,Alloy α,Head,5,32,-2,1,-2,-2,1,2,-,-,"A helmet crafted from quality ore. While it doesn't look like much, this is highly functional armor.",Quick Sheathe,1,-,-,-,-,-,-,2500,Carbalite Ore,1,Dragonite Ore,3,-,-,-,-
Alloy Mail α,Alloy α,Chest,5,32,-2,1,-2,-2,1,1,-,-,"Chest armor crafted from quality ore. Made with a logical, no-frills construction that puts mobility first.",Flinch Free,2,-,-,-,-,-,-,2500,Carbalite Ore,1,Dragonite Ore,2,-,-,-,-
Alloy Vambraces α,Alloy α,Arms,5,32,-2,1,-2,-2,1,2,-,-,Armguards crafted from quality ore. Every element is streamlined for maximum utility.,Tremor Resistance,1,-,-,-,-,-,-,2500,Carbalite Ore,1,Dragonite Ore,3,-,-,-,-
Alloy Coil α,Alloy α,Waist,5,32,-2,1,-2,-2,1,1,-,-,Waistgear crafted from quality ore. The complexly shaded patina and sleek design are quite stunning.,Quick Sheathe,1,Tremor Resistance,1,-,-,-,-,2500,Carbalite Ore,1,Dragonite Ore,2,-,-,-,-
Alloy Greaves α,Alloy α,Legs,5,32,-2,1,-2,-2,1,1,-,-,Leg armor crafted from quality ore. What it lacks in charm it more than makes up in defense.,Quick Sheathe,1,Flinch Free,1,-,-,-,-,2500,Carbalite Ore,1,Dragonite Ore,2,-,-,-,-
Bulaqchi Specs α,Bulaqchi α,Head,5,32,-4,1,1,-2,4,-,-,-,Spectacles made from Bulaqchi parts. The hottest new design for the stylish hunter.,Weakness Exploit,1,Entomologist,1,-,-,Neopteron Alert,-,2500,Bulaqchi Carapace,5,-,-,-,-,-,-
Bulaqchi Specs β,Bulaqchi β,Head,5,32,-4,1,1,-2,4,1,1,-,Spectacles made from Bulaqchi parts. The hottest new design for the stylish hunter.,Entomologist,1,-,-,-,-,Neopteron Camouflage,-,2500,Bulaqchi Carapace,5,-,-,-,-,-,-
Talioth Vambraces α,Talioth α,Arms,5,32,4,-2,-2,-2,2,-,-,-,Talioth armguards. The forearm blades are a classic example of style over practicality.,Burst,1,Leap of Faith,1,-,-,Flexible Leathercraft,-,2500,Talioth Scale+,3,Acute Fang,2,-,-,-,-
Talioth Vambraces β,Talioth β,Arms,5,32,4,-2,-2,-2,2,1,1,-,Talioth armguards. The forearm blades are a classic example of style over practicality.,Leap of Faith,1,-,-,-,-,Buttery Leathercraft,-,2500,Talioth Scale+,3,Acute Fang,2,-,-,-,-
Piragill Greaves α,Piragill α,Legs,5,32,-3,4,-3,1,1,-,-,-,"Piragill leg armor. A light, skintight fit made with the most exquisite, buttery-soft leather.",Water Resistance,2,Aquatic/Oilsilt Mobility,1,-,-,Flexible Leathercraft,-,2500,Piragill Fin+,3,Carbalite Ore,2,-,-,-,-
Piragill Greaves β,Piragill β,Legs,5,32,-3,4,-3,1,1,-,1,-,"Piragill leg armor. A light, skintight fit made with the most exquisite, buttery-soft leather.",Aquatic/Oilsilt Mobility,1,-,-,-,-,Buttery Leathercraft,-,2500,Piragill Fin+,3,Carbalite Ore,2,-,-,-,-
Vespoid Helm α,Vespoid α,Head,5,32,-2,1,1,1,2,-,-,-,A Vespoid helmet. The carapace material is susceptible to fire but offers sturdy coverage.,Survival Expert,1,Ambush,1,-,-,Neopteron Alert,-,2500,Vespoid Carapace,2,Monster Broth,3,-,-,-,-
Vepoid Mail α,Vespoid α,Chest,5,32,-2,1,1,1,2,1,-,-,Vespoid chest armor. Its arcane build provides formidable resistance to physical attacks.,Evade Window,1,Survival Expert,1,-,-,Neopteron Alert,-,2500,Vespoid Carapace,2,Vespoid Innerwing,2,-,-,-,-
Vespoid Vambraces α,Vespoid α,Arms,5,32,-2,1,1,1,2,-,-,-,"Vespoid armguards. They are as heavy as they look, but they afford significant defense.",Paralysis Resistance,1,Ambush,1,-,-,Neopteron Alert,-,2500,Vespoid Carapace,2,Vespoid Innerwing,3,-,-,-,-
Vespoid Coil α,Vespoid α,Waist,5,32,-2,1,1,1,2,1,-,-,Vespoid waistgear. The design arose from the study of highly defensive exoskeletons.,Evade Window,1,Paralysis Resistance,1,-,-,Neopteron Alert,-,2500,Vespoid Carapace,2,Quality Bone,2,-,-,-,-
Vespoid Greaves α,Vespoid α,Legs,5,32,-2,1,1,1,2,2,-,-,Leg armor made from Vespoid parts. Ingenious artisanship has further reinforced the carapace.,Paralysis Resistance,1,Survival Expert,1,-,-,Neopteron Alert,-,2500,Vespoid Carapace,2,Quality Bone,1,-,-,-,-
Vespoid Helm β,Vespoid β,Head,5,32,-2,1,1,1,2,-,1,-,A Vespoid helmet. The carapace material is susceptible to fire but offers sturdy coverage.,Survival Expert,1,-,-,-,-,Neopteron Camouflage,-,2500,Vespoid Carapace,2,Monster Broth,3,-,-,-,-
Vepoid Mail β,Vespoid β,Chest,5,32,-2,1,1,1,2,3,-,-,Vespoid chest armor. Its arcane build provides formidable resistance to physical attacks.,Survival Expert,1,-,-,-,-,Neopteron Camouflage,-,2500,Vespoid Carapace,2,Vespoid Innerwing,2,-,-,-,-
Vespoid Vambraces β,Vespoid β,Arms,5,32,-2,1,1,1,2,-,1,-,"Vespoid armguards. They are as heavy as they look, but they afford significant defense.",Paralysis Resistance,1,-,-,-,-,Neopteron Camouflage,-,2500,Vespoid Carapace,2,Vespoid Innerwing,3,-,-,-,-
Vespoid Coil β,Vespoid β,Waist,5,32,-2,1,1,1,2,3,-,-,Vespoid waistgear. The design arose from the study of highly defensive exoskeletons.,Paralysis Resistance,1,-,-,-,-,Neopteron Camouflage,-,2500,Vespoid Carapace,2,Quality Bone,2,-,-,-,-
Vespoid Greaves β,Vespoid β,Legs,5,32,-2,1,1,1,2,1,1,-,Leg armor made from Vespoid parts. Ingenious artisanship has further reinforced the carapace.,Survival Expert,1,-,-,-,-,Neopteron Camouflage,-,2500,Vespoid Carapace,2,Quality Bone,1,-,-,-,-
Kranodath Mail α,Kranodath α,Chest,5,32,4,-2,0,-2,0,-,-,-,Kranodath chest armor. What armor enthusiast could resist such ornate plating?,Flinch Free,2,Partbreaker,1,-,-,Scaling Prowess,-,2500,Kranodath Skull+,4,Firecell Stone,2,-,-,-,-
Kranodath Mail β,Kranodath β,Chest,5,32,4,-2,0,-2,0,-,1,-,Kranodath chest armor. What armor enthusiast could resist such ornate plating?,Flinch Free,2,-,-,-,-,Scale Layering,-,2500,Kranodath Skull+,4,Firecell Stone,2,-,-,-,-
Comaqchi Accessory α,Comaqchi α,Head,5,32,-5,0,0,3,3,-,-,-,"A Comaqchi head accessory. The thin, sleek plating emanates an eldritch gleam.",Sleep Resistance,2,Foray,1,-,-,Neopteron Alert,-,2500,Comaqchi Carapace,5,-,-,-,-,-,-
Comaqchi Accessory β,Comaqchi β,Head,5,32,-5,0,0,3,3,1,1,-,"A Comaqchi head accessory. The thin, sleek plating emanates an eldritch gleam.",Sleep Resistance,2,-,-,-,-,Neopteron Camouflage,-,2500,Comaqchi Carapace,5,-,-,-,-,-,-
Kut-Ku Helm α,Kut-Ku α,Head,5,36,3,0,-2,-4,2,1,-,-,Head armor made from superior Yian Kut-Ku parts. Its expert crafting brings to mind the bird-like beast.,Constitution,2,Fire Resistance,2,-,-,Scaling Prowess,-,3000,Kut-Ku Scale+,2,Kut-Ku Wing,2,Monster Keenbone,1,-,-
Kut-Ku Mail α,Kut-Ku α,Chest,5,36,3,0,-2,-4,2,1,-,-,Chest armor made from Yian Kut-Ku materials. Its unique color evokes thoughts of a foreign land.,Agitator,1,Fire Resistance,1,-,-,Scaling Prowess,-,3000,Yian Kut-Ku Certificate S,1,Kut-Ku Scale+,2,Kut-Ku Wing,1,Firecell Stone,1
Kut-Ku Vambraces α,Kut-Ku α,Arms,5,36,3,0,-2,-4,2,1,-,-,Armguards made from Yian Kut-Ku materials. The otherworldly pink plating repels even wyvern fangs.,Constitution,1,Agitator,1,-,-,Scaling Prowess,-,3000,Yian Kut-Ku Certificate S,1,Kut-Ku Carapace,3,Giant Beak,1,-,-
Kut-Ku Coil α,Kut-Ku α,Waist,5,36,3,0,-2,-4,2,-,-,-,"Waistgear crafted from Yian Kut-Ku parts. Beware of its sharp, spine-covered exterior!",Recovery Up,2,Agitator,1,-,-,Scaling Prowess,-,3000,Yian Kut-Ku Certificate S,1,Giant Beak,3,Kut-Ku Ear,1,Inferno Sac,1
Kut-Ku Greaves α,Kut-Ku α,Legs,5,36,3,0,-2,-4,2,-,1,-,Leg armor made from Yian Kut-Ku spoils. The exceptional design prioritizes ease of movement.,Constitution,2,Recovery Up,1,-,-,Scaling Prowess,-,3000,Kut-Ku Scale+,2,Kut-Ku Carapace,2,Kut-Ku Wing,1,Kut-Ku Ear,1
Kut-Ku Helm β,Kut-Ku β,Head,5,36,3,0,-2,-4,2,1,1,-,Head armor made from superior Yian Kut-Ku parts. Its expert crafting brings to mind the bird-like beast.,Constitution,2,-,-,-,-,Scale Layering,-,3000,Kut-Ku Scale+,2,Kut-Ku Wing,2,Monster Keenbone,1,-,-
Kut-Ku Mail β,Kut-Ku β,Chest,5,36,3,0,-2,-4,2,-,1,-,Chest armor made from Yian Kut-Ku materials. Its unique color evokes thoughts of a foreign land.,Agitator,1,-,-,-,-,Scale Layering,-,3000,Yian Kut-Ku Certificate S,1,Kut-Ku Scale+,2,Kut-Ku Wing,1,Firecell Stone,1
Kut-Ku Vambraces β,Kut-Ku β,Arms,5,36,3,0,-2,-4,2,2,1,-,Armguards made from Yian Kut-Ku materials. The otherworldly pink plating repels even wyvern fangs.,Constitution,1,-,-,-,-,Scale Layering,-,3000,Yian Kut-Ku Certificate S,1,Kut-Ku Carapace,3,Giant Beak,1,-,-
Kut-Ku Coil β,Kut-Ku β,Waist,5,36,3,0,-2,-4,2,1,-,-,"Waistgear crafted from Yian Kut-Ku parts. Beware of its sharp, spine-covered exterior!",Agitator,1,Recovery Up,1,-,-,Scale Layering,-,3000,Yian Kut-Ku Certificate S,1,Giant Beak,3,Kut-Ku Ear,1,Inferno Sac,1
Kut-Ku Greaves β,Kut-Ku β,Legs,5,36,3,0,-2,-4,2,1,1,-,Leg armor made from Yian Kut-Ku spoils. The exceptional design prioritizes ease of movement.,Constitution,1,Recovery Up,1,-,-,Scale Layering,-,3000,Kut-Ku Scale+,2,Kut-Ku Carapace,2,Kut-Ku Wing,1,Kut-Ku Ear,1
Chatacabra Helm α,Chatacabra α,Head,5,36,1,2,-3,-1,1,1,-,-,Chatacabra head armor. The design is specially tailored for deseert hunting.,Wide-Range,1,Speed Eating,1,-,-,Flexible Leathercraft,-,3000,Chatacabra Scale+,2,Chatacabra Jaw+,1,Stoutbone,1,-,-
Chatacabra Mail α,Chatacabra α,Chest,5,36,1,2,-3,-1,1,-,-,-,Chatacabra chest armor. Equipped with generous elastic cushioning in the collar.,Weakness Exploit,1,Speed Eating,1,-,-,Flexible Leathercraft,-,3000,Chatacabra Certificate S,1,Chatacabra Carapace,2,Quality Bone,1,-,-
Chatacabra Vambraces α,Chatacabra α,Arms,5,36,1,2,-3,-1,1,1,-,-,Chatacabra armguards. They protect the wrists without hampering weapon handling.,Wide-Range,1,Item Prolonger,1,-,-,Flexible Leathercraft,-,3000,Chatacabra Scale+,2,Chatacabra Hide+,2,Chatacabra Jaw+,1,Chatacabra Carapace,1
Chatacabra Coil α,Chatacabra α,Waist,5,36,1,2,-3,-1,1,1,-,-,"Chatacabra waistgear. The charming, heart-shaped pouch is made from its ample tongue.",Speed Eating,1,Item Prolonger,1,-,-,Flexible Leathercraft,-,3000,Chatacabra Certificate S,1,Chatacabra Hide+,3,Chatacabra Carapace,1,-,-
Chatacabra Greaves α,Chatacabra α,Legs,5,36,1,2,-3,-1,1,-,-,-,Leg armor made from Chatacabra spoils. A loose fit for maximum mobility.,Weakness Exploit,1,Item Prolonger,1,-,-,Flexible Leathercraft,-,3000,Chatacabra Certificate S,1,Chatacabra Scale+,2,Chatacabra Jaw+,1,Wingdrake Hide+,1
Chatacabra Helm β,Chatacabra β,Head,5,36,1,2,-3,-1,1,-,1,-,Chatacabra head armor. The design is specially tailored for deseert hunting.,Speed Eating,1,-,-,-,-,Buttery Leathercraft,-,3000,Chatacabra Scale+,2,Chatacabra Jaw+,1,Stoutbone,1,-,-
Chatacabra Mail β,Chatacabra β,Chest,5,36,1,2,-3,-1,1,3,-,-,Chatacabra chest armor. Equipped with generous elastic cushioning in the collar.,Speed Eating,1,-,-,-,-,Buttery Leathercraft,-,3000,Chatacabra Certificate S,1,Chatacabra Carapace,2,Quality Bone,1,-,-
Chatacabra Vambraces β,Chatacabra β,Arms,5,36,1,2,-3,-1,1,-,1,-,Chatacabra armguards. They protect the wrists without hampering weapon handling.,Item Prolonger,1,-,-,-,-,Buttery Leathercraft,-,3000,Chatacabra Scale+,2,Chatacabra Hide+,2,Chatacabra Jaw+,1,Chatacabra Carapace,1
Chatacabra Coil β,Chatacabra β,Waist,5,36,1,2,-3,-1,1,2,-,-,"Chatacabra waistgear. The charming, heart-shaped pouch is made from its ample tongue.",Speed Eating,1,-,-,-,-,Buttery Leathercraft,-,3000,Chatacabra Certificate S,1,Chatacabra Hide+,3,Chatacabra Carapace,1,-,-
Chatacabra Greaves β,Chatacabra β,Legs,5,36,1,2,-3,-1,1,1,-,-,Leg armor made from Chatacabra spoils. A loose fit for maximum mobility.,Weakness Exploit,1,-,-,-,-,Buttery Leathercraft,-,3000,Chatacabra Certificate S,1,Chatacabra Scale+,2,Chatacabra Jaw+,1,Wingdrake Hide+,1
Quematrice Helm α,Quematrice α,Head,5,36,2,-3,0,-1,0,1,-,-,Head armor made from Quematrice spoils. The shock of feathers ties the whole look together.,Latent Power,1,Flinch Free,1,-,-,Scaling Prowess,-,3000,Quematrice Certificate S,1,Quematrice Igniter+,2,Quematrice Hide+,2,Quality Bone,1
Quematrice Mail α,Quematrice α,Chest,5,36,2,-3,0,-1,0,-,-,-,"Quematrice chest armor. The design may look ceremonial, but it offers ample protection.",Latent Power,1,Fire Resistance,1,-,-,Scaling Prowess,-,3000,Quematrice Certificate S,1,Quematrice Crest+,1,Quematrice Tail,1,Firestone,1
Quematrice Braces α,Quematrice α,Arms,5,36,2,-3,0,-1,0,2,-,-,Armguards made from Quematrice parts. The wide cuffs allow the wrists to move unimpeded.,Fire Resistance,1,Flinch Free,1,-,-,Scaling Prowess,-,3000,Quematrice Scale+,3,Quematrice Hide+,3,Quematrice Igniter+,1,Quematrice Crest+,1
Quematrice Coil α,Quematrice α,Waist,5,36,2,-3,0,-1,0,-,-,-,Flaunt-worthy Quematrice waistgear. Nothing shouts haute couture like flowing tassets.,Latent Power,1,Fire Resistance,1,-,-,Scaling Prowess,-,3000,Quematrice Certificate S,1,Quematrice Hide+,2,Quematrice Crest+,1,-,-
Quematrice Greaves α,Quematrice α,Legs,5,36,2,-3,0,-1,0,1,-,-,Quematrice leg armor. The ornate gaiters let a hunter strut like Quematrice.,Evade Extender,1,Flinch Free,1,-,-,Scaling Prowess,-,3000,Quematrice Scale+,3,Quematrice Igniter+,1,Monster Keenbone,1,-,-
Quematrice Helm β,Quematrice β,Head,5,36,2,-3,0,-1,0,-,1,-,Head armor made from Quematrice spoils. The shock of feathers ties the whole look together.,Latent Power,1,-,-,-,-,Scale Layering,-,3000,Quematrice Certificate S,1,Quematrice Igniter+,2,Quematrice Hide+,2,Quality Bone,1
Quematrice Mail β,Quematrice β,Chest,5,36,2,-3,0,-1,0,1,-,-,"Quematrice chest armor. The design may look ceremonial, but it offers ample protection.",Latent Power,1,-,-,-,-,Scale Layering,-,3000,Quematrice Certificate S,1,Quematrice Crest+,1,Quematrice Tail,1,Firestone,1
Quematrice Braces β,Quematrice β,Arms,5,36,2,-3,0,-1,0,1,1,-,Armguards made from Quematrice parts. The wide cuffs allow the wrists to move unimpeded.,Flinch Free,1,-,-,-,-,Scale Layering,-,3000,Quematrice Scale+,3,Quematrice Hide+,3,Quematrice Igniter+,1,Quematrice Crest+,1
Quematrice Coil β,Quematrice β,Waist,5,36,2,-3,0,-1,0,-,1,-,Flaunt-worthy Quematrice waistgear. Nothing shouts haute couture like flowing tassets.,Fire Resistance,2,-,-,-,-,Scale Layering,-,3000,Quematrice Certificate S,1,Quematrice Hide+,2,Quematrice Crest+,1,-,-
Quematrice Greaves β,Quematrice β,Legs,5,36,2,-3,0,-1,0,3,-,-,Quematrice leg armor. The ornate gaiters let a hunter strut like Quematrice.,Flinch Free,1,-,-,-,-,Scale Layering,-,3000,Quematrice Scale+,3,Quematrice Igniter+,1,Monster Keenbone,1,-,-
Barina Headgear α,Lala Barina α,Head,5,36,-3,3,0,0,3,-,-,-,Lala Barina head armor. The rose embellishments were fashioned from its caparace.,Foray,1,Paralysis Resistance,1,-,-,Neopteron Alert,-,3000,Lala Barina Certificate S,1,Lala Barina Carapace,3,Lala Barina Claw+,2,-,-
Barina Mail α,Lala Barina α,Chest,5,36,-3,3,0,0,3,-,-,-,"Lala Barina chest armor. It may look like normal clothing, but it's just as hardy as armor.",Recovery Up,2,Evade Window,1,-,-,Neopteron Alert,-,3000,Lala Barina Floret+,2,Lala Barina Carapace,2,Lala Barina Mucus+,1,Lala Barina Stinger+,1
Barina Vambraces α,Lala Barina α,Arms,5,36,-3,3,0,0,3,-,-,-,Lala Barina armguards that are so elegant they could pass as formal wear.,Foray,1,Recovery Up,1,-,-,Neopteron Alert,-,3000,Lala Barina Certificate S,1,Lala Barina Claw+,1,Lala Barina Stinger+,1,Monster Broth,1
Barina Coil α,Lala Barina α,Waist,5,36,-3,3,0,0,3,-,1,-,Lala Barina waistgear that nobility would gladly don just to make an impression.,Paralysis Resistance,2,-,-,-,-,Neopteron Alert,-,3000,Lala Barina Floret+,2,Lala Barina Mucus+,2,Carbalite Ore,2,-,-
Barina Greaves α,Lala Barina α,Legs,5,36,-3,3,0,0,3,-,-,-,Lala Barina leg armor. Pulls the rose motif back in with subtle but elegant detailing.,Foray,1,Evade Window,1,-,-,Neopteron Alert,-,3000,Lala Barina Certificate S,1,Lala Barina Floret+,2,Lala Barina Mucus+,1,Novacrystal,1
Barina Headgear β,Lala Barina β,Head,5,36,-3,3,0,0,3,1,-,-,Lala Barina head armor. The rose embellishments were fashioned from its caparace.,Foray,1,-,-,-,-,Neopteron Camouflage,-,3000,Lala Barina Certificate S,1,Lala Barina Carapace,3,Lala Barina Claw+,2,-,-
Barina Mail β,Lala Barina β,Chest,5,36,-3,3,0,0,3,1,-,-,"Lala Barina chest armor. It may look like normal clothing, but it's just as hardy as armor.",Evade Window,1,Recovery Up,1,-,-,Neopteron Camouflage,-,3000,Lala Barina Floret+,2,Lala Barina Carapace,2,Lala Barina Mucus+,1,Lala Barina Stinger+,1
Barina Vambraces β,Lala Barina β,Arms,5,36,-3,3,0,0,3,1,1,-,Lala Barina armguards that are so elegant they could pass as formal wear.,Recovery Up,1,-,-,-,-,Neopteron Camouflage,-,3000,Lala Barina Certificate S,1,Lala Barina Claw+,1,Lala Barina Stinger+,1,Monster Broth,1
Barina Coil β,Lala Barina β,Waist,5,36,-3,3,0,0,3,1,1,-,Lala Barina waistgear that nobility would gladly don just to make an impression.,Paralysis Resistance,1,-,-,-,-,Neopteron Camouflage,-,3000,Lala Barina Floret+,2,Lala Barina Mucus+,2,Carbalite Ore,2,-,-
Barina Greaves β,Lala Barina β,Legs,5,36,-3,3,0,0,3,3,-,-,Lala Barina leg armor. Pulls the rose motif back in with subtle but elegant detailing.,Evade Window,1,-,-,-,-,Neopteron Camouflage,-,3000,Lala Barina Certificate S,1,Lala Barina Floret+,2,Lala Barina Mucus+,1,Novacrystal,1
Conga Helm α,Conga α,Head,5,36,-3,1,1,-1,2,1,-,-,"Head armor made from Congalala materials. Remember: it's ""feral"", not ""unkempt"".",Intimidator,1,Free Meal,1,-,-,Fortifying Pelt,-,3000,Congalala Pelt+,2,Congalala Fang+,1,Stoutbone,1,-,-
Conga Mail α,Conga α,Chest,5,36,-3,1,1,-1,2,-,-,-,Chest armor made from Congalala materials. The shocks of monster fur help hunters keep it wild.,Intimidator,2,Burst,1,-,-,Fortifying Pelt,-,3000,Congalala Pelt+,2,Congalala Claw+,2,Congalala Fang+,1,Vibrant Pelt+,1
Conga Vambraces α,Conga α,Arms,5,36,-3,1,1,-1,2,-,-,-,Armguards made from Congalala materials. Crudely made but highly protective.,Speed Eating,1,Mushroomancer,1,-,-,Fortifying Pelt,-,3000,Congalala Certificate S,1,Vibrant Pelt+,1,Conga Pelt+,2,-,-
Conga Coil α,Conga α,Waist,5,36,-3,1,1,-1,2,1,-,-,"Waistgear made from Congalala materials, complete with an array of handy pockets!",Mushroomancer,1,Free Meal,1,-,-,Fortifying Pelt,-,3000,Congalala Certificate S,1,Congalala Claw+,3,Vibrant Pelt+,1,-,-
Conga Greaves α,Conga α,Legs,5,36,-3,1,1,-1,2,-,-,-,Greaves made of Congalala parts. Wild crafting perfect for those who run in the wilderness.,Burst,1,Mushroomancer,1,-,-,Fortifying Pelt,-,3000,Congalala Certificate S,1,Congalala Pelt+,2,Congalala Fang+,1,Acute Fang,1
Conga Helm β,Conga β,Head,5,36,-3,1,1,-1,2,-,1,-,"Head armor made from Congalala materials. Remember: it's ""feral"", not ""unkempt"".",Intimidator,1,-,-,-,-,Alluring Pelt,-,3000,Congalala Pelt+,2,Congalala Fang+,1,Stoutbone,1,-,-
Conga Mail β,Conga β,Chest,5,36,-3,1,1,-1,2,3,-,-,Chest armor made from Congalala materials. The shocks of monster fur help hunters keep it wild.,Intimidator,2,-,-,-,-,Alluring Pelt,-,3000,Congalala Pelt+,2,Congalala Claw+,2,Congalala Fang+,1,Vibrant Pelt+,1
Conga Vambraces β,Conga β,Arms,5,36,-3,1,1,-1,2,1,-,-,Armguards made from Congalala materials. Crudely made but highly protective.,Mushroomancer,1,-,-,-,-,Alluring Pelt,-,3000,Congalala Certificate S,1,Vibrant Pelt+,1,Conga Pelt+,2,-,-
Conga Coil β,Conga β,Waist,5,36,-3,1,1,-1,2,-,1,-,"Waistgear made from Congalala materials, complete with an array of handy pockets!",Mushroomancer,1,-,-,-,-,Alluring Pelt,-,3000,Congalala Certificate S,1,Congalala Claw+,3,Vibrant Pelt+,1,-,-
Conga Greaves β,Conga β,Legs,5,36,-3,1,1,-1,2,-,1,-,Greaves made of Congalala parts. Wild crafting perfect for those who run in the wilderness.,Burst,1,-,-,-,-,Alluring Pelt,-,3000,Congalala Certificate S,1,Congalala Pelt+,2,Congalala Fang+,1,Acute Fang,1
Rompopolo Helm α,Rompopolo α,Head,5,36,0,-3,0,0,1,2,-,-,Rompopolo head armor. The mask is needed to ward off the material's residual toxins.,Wide-Range,2,-,-,-,-,Flexible Leathercraft,-,3000,Rompopolo Certificate S,1,Rompopolo Claw+,3,Rompopolo Beak+,1,-,-
Rompopolo Mail α,Rompopolo α,Chest,5,36,0,-3,0,0,1,1,-,-,Well-padded Rompopolo chest armor. The fabric contains poison that — supposedly — never leaks.,Poison Resistance,2,Wide-Range,1,-,-,Flexible Leathercraft,-,3000,Rompopolo Hide+,2,Spotted Poison Hide+,2,Monster Keenbone,1,-,-
Rompopolo Vambraces α,Rompopolo α,Arms,5,36,0,-3,0,0,1,1,-,-,"Rompopolo armguards. The poisonous needles in the claws are neat, but tricky to use.",Poison Resistance,1,Earplugs,1,-,-,Flexible Leathercraft,-,3000,Rompopolo Hide+,2,Rompopolo Claw+,2,Spotted Poison Hide+,1,Rompopolo Beak+,1
Rompopolo Coil α,Rompopolo α,Waist,5,36,0,-3,0,0,1,-,-,-,Rompopolo waistgear fully equipped with instruments needed to handle poison.,Foray,1,Wide-Range,1,-,-,Flexible Leathercraft,-,3000,Rompopolo Certificate S,1,Rompopolo Hide+,2,Spotted Poison Hide+,2,Kranodath Skull+,1
Rompopolo Greaves α,Rompopolo α,Legs,5,36,0,-3,0,0,1,-,-,-,Rompopolo leg armor. Careful you don't accidentally lean on those spare vials of poison...,Wide-Range,2,Earplugs,1,-,-,Flexible Leathercraft,-,3000,Rompopolo Certificate S,1,Rompopolo Beak+,2,Toxin Sac,1,-,-
Rompopolo Helm β,Rompopolo β,Head,5,36,0,-3,0,0,1,1,1,-,Rompopolo head armor. The mask is needed to ward off the material's residual toxins.,Wide-Range,1,-,-,-,-,Buttery Leathercraft,-,3000,Rompopolo Certificate S,1,Rompopolo Claw+,3,Rompopolo Beak+,1,-,-
Rompopolo Mail β,Rompopolo β,Chest,5,36,0,-3,0,0,1,-,1,-,Well-padded Rompopolo chest armor. The fabric contains poison that — supposedly — never leaks.,Poison Resistance,2,-,-,-,-,Buttery Leathercraft,-,3000,Rompopolo Hide+,2,Spotted Poison Hide+,2,Monster Keenbone,1,-,-
Rompopolo Vambraces β,Rompopolo β,Arms,5,36,0,-3,0,0,1,-,1,-,"Rompopolo armguards. The poisonous needles in the claws are neat, but tricky to use.",Earplugs,1,-,-,-,-,Buttery Leathercraft,-,3000,Rompopolo Hide+,2,Rompopolo Claw+,2,Spotted Poison Hide+,1,Rompopolo Beak+,1
Rompopolo Coil β,Rompopolo β,Waist,5,36,0,-3,0,0,1,1,-,-,Rompopolo waistgear fully equipped with instruments needed to handle poison.,Foray,1,-,-,-,-,Buttery Leathercraft,-,3000,Rompopolo Certificate S,1,Rompopolo Hide+,2,Spotted Poison Hide+,2,Kranodath Skull+,1
Rompopolo Greaves β,Rompopolo β,Legs,5,36,0,-3,0,0,1,-,1,-,Rompopolo leg armor. Careful you don't accidentally lean on those spare vials of poison...,Wide-Range,2,-,-,-,-,Buttery Leathercraft,-,3000,Rompopolo Certificate S,1,Rompopolo Beak+,2,Toxin Sac,1,-,-
Gypceros Helm α,Gypceros α,Head,5,36,-4,3,4,-1,1,1,-,-,Head armor made from Gypceros spoils. Its elasticity makes physical attacks bounce right off!,Stamina Surge,1,Blindsider,1,-,-,Flexible Leathercraft,-,3000,Gypceros Certificate S,1,Gypceros Wing,2,Gypceros Head,1,-,-
Gypceros Mail α,Gypceros α,Chest,5,36,-4,3,4,-1,1,1,-,-,"Chest armor made from Gypceros materials, Its elastic qualities provide reliable impact resistance.",Poison Resistance,1,Stamina Surge,1,-,-,Flexible Leathercraft,-,3000,Rubbery Hide+,2,Gypceros Wing,1,Gypceros Tail,1,Gypceros Head,1
Gypceros Vambraces α,Gypceros α,Arms,5,36,-4,3,4,-1,1,-,-,-,Armguards made from Gypceros spoils. The springy nature of the material renders lesser attacks meaningless.,Resentment,2,Poison Resistance,1,-,-,Flexible Leathercraft,-,3000,Rubbery Hide+,2,Gypceros Tail,1,Monster Keenbone,1,-,-
Gypceros Coil α,Gypceros α,Waist,5,36,-4,3,4,-1,1,1,-,-,"Waistgear made from Gypceros material. The thick, meaty skin provides ample protection.",Resentment,1,Stamina Surge,1,-,-,Flexible Leathercraft,-,3000,Gypceros Certificate S,1,Rubbery Hide+,2,Gypceros Tail,1,Novacrystal,1
Gypceros Greaves α,Gypceros α,Legs,5,36,-4,3,4,-1,1,-,-,-,Leg armor made from Gypceros spoils. The springy material is undeniably more comfortable than metal.,Marathon Runner,2,Resentment,1,-,-,Flexible Leathercraft,-,3000,Gypceros Certificate S,1,Gypceros Head,1,Toxin Sac,1,-,-
Gypceros Helm β,Gypceros β,Head,5,36,-4,3,4,-1,1,2,-,-,Head armor made from Gypceros spoils. Its elasticity makes physical attacks bounce right off!,Stamina Surge,1,-,-,-,-,Buttery Leathercraft,-,3000,Gypceros Certificate S,1,Gypceros Wing,2,Gypceros Head,1,-,-
Gypceros Mail β,Gypceros β,Chest,5,36,-4,3,4,-1,1,-,1,-,"Chest armor made from Gypceros materials, Its elastic qualities provide reliable impact resistance.",Stamina Surge,1,-,-,-,-,Buttery Leathercraft,-,3000,Rubbery Hide+,2,Gypceros Wing,1,Gypceros Tail,1,Gypceros Head,1
Gypceros Vambraces β,Gypceros β,Arms,5,36,-4,3,4,-1,1,1,-,-,Armguards made from Gypceros spoils. The springy nature of the material renders lesser attacks meaningless.,Resentment,2,-,-,-,-,Buttery Leathercraft,-,3000,Rubbery Hide+,2,Gypceros Tail,1,Monster Keenbone,1,-,-
Gypceros Coil β,Gypceros β,Waist,5,36,-4,3,4,-1,1,1,1,-,"Waistgear made from Gypceros material. The thick, meaty skin provides ample protection.",Stamina Surge,1,-,-,-,-,Buttery Leathercraft,-,3000,Gypceros Certificate S,1,Rubbery Hide+,2,Gypceros Tail,1,Novacrystal,1
Gypceros Greaves β,Gypceros β,Legs,5,36,-4,3,4,-1,1,1,-,-,Leg armor made from Gypceros spoils. The springy material is undeniably more comfortable than metal.,Resentment,1,Marathon Runner,1,-,-,Buttery Leathercraft,-,3000,Gypceros Certificate S,1,Gypceros Head,1,Toxin Sac,1,-,-
Nerscylla Helm α,Nerscylla α,Head,5,38,-2,2,-2,1,2,-,-,-,A helmet made from Nerscylla spoils. Protection this durable requires masterful precision and execution.,Poison Resistance,2,Bind Resistance,1,-,-,Neopteron Alert,-,3500,Nerscylla Carapace,2,Nerscylla Shear,1,Monster Broth,2,-,-
Nerscylla Mail α,Nerscylla α,Chest,5,38,-2,2,-2,1,2,-,-,-,Chest armor made from Nerscylla materials. Advanced engineering makes it feel impossibly light.,Weakness Exploit,1,Ambush,1,-,-,Neopteron Alert,-,3500,Nerscylla Certificate S,1,Nerscylla Shear,1,Nerscylla Claw+,2,Bird Wyvern Gem,1
Nerscylla Vambraces α,Nerscylla α,Arms,5,38,-2,2,-2,1,2,1,-,-,Armguards made from Nerscylla spoils. Extra play in the fingers helps improve weapon handling.,Poison Resistance,1,Ambush,1,-,-,Neopteron Alert,-,3500,Nerscylla Carapace,3,Nerscylla Claw+,3,Nerscylla Shear,1,Nerscylla Spike+,1
Nerscylla Coil α,Nerscylla α,Waist,5,38,-2,2,-2,1,2,-,-,-,Waistgear made from Nerscylla spoils. A work of art that exhibits a deep dedication to armor craft.,Sleep Resistance,2,Bind Resistance,1,-,-,Neopteron Alert,-,3500,Nerscylla Certificate S,1,Nerscylla Claw+,2,Nerscylla Spike+,1,Comaqchi Carapace,2
Nerscylla Greaves α,Nerscylla α,Legs,5,38,-2,2,-2,1,2,1,-,-,Leg armor made from Nerscylla spoils. It keeps hunters light on their feet and looking good in action.,Sleep Resistance,1,Ambush,1,-,-,Neopteron Alert,-,3500,Nerscylla Certificate S,1,Nerscylla Spike+,1,Rubbery Hide+,2,Coma Sac,1
Nerscylla Helm β,Nerscylla β,Head,5,38,-2,2,-2,1,2,-,1,-,A helmet made from Nerscylla spoils. Protection this durable requires masterful precision and execution.,Bind Resistance,1,-,-,-,-,Neopteron Camouflage,-,3500,Nerscylla Carapace,2,Nerscylla Shear,1,Monster Broth,2,-,-
Nerscylla Mail β,Nerscylla β,Chest,5,38,-2,2,-2,1,2,3,-,-,Chest armor made from Nerscylla materials. Advanced engineering makes it feel impossibly light.,Ambush,1,-,-,-,-,Neopteron Camouflage,-,3500,Nerscylla Certificate S,1,Nerscylla Shear,1,Nerscylla Claw+,2,Bird Wyvern Gem,1
Nerscylla Vambraces β,Nerscylla β,Arms,5,38,-2,2,-2,1,2,-,1,-,Armguards made from Nerscylla spoils. Extra play in the fingers helps improve weapon handling.,Ambush,1,-,-,-,-,Neopteron Camouflage,-,3500,Nerscylla Carapace,3,Nerscylla Claw+,3,Nerscylla Shear,1,Nerscylla Spike+,1
Nerscylla Coil β,Nerscylla β,Waist,5,38,-2,2,-2,1,2,2,-,-,Waistgear made from Nerscylla spoils. A work of art that exhibits a deep dedication to armor craft.,Bind Resistance,1,-,-,-,-,Neopteron Camouflage,-,3500,Nerscylla Certificate S,1,Nerscylla Claw+,2,Nerscylla Spike+,1,Comaqchi Carapace,2
Nerscylla Greaves β,Nerscylla β,Legs,5,38,-2,2,-2,1,2,1,1,-,Leg armor made from Nerscylla spoils. It keeps hunters light on their feet and looking good in action.,Sleep Resistance,1,-,-,-,-,Neopteron Camouflage,-,3500,Nerscylla Certificate S,1,Nerscylla Spike+,1,Rubbery Hide+,2,Coma Sac,1
Balahara Helm α,Balahara α,Head,5,38,-1,2,-3,1,1,1,-,-,A Balahara helmet covered in roughly polished protrusions to strongly evoke its namesake.,Evade Window,1,Geologist,1,-,-,Scaling Prowess,-,3500,Balahara Certificate S,1,Balahara Carapace,2,Balahara Skull+,1,-,-
Balahara Mail α,Balahara α,Chest,5,38,-1,2,-3,1,1,1,-,-,Balahara chest armor. The bulky shoulders are roomy enough to allow ample movement.,Stamina Surge,1,Geologist,1,-,-,Scaling Prowess,-,3500,Balahara Scale+,2,Balahara Skull+,1,Monster Keenbone,1,-,-
Balahara Vambraces α,Balahara α,Arms,5,38,-1,2,-3,1,1,-,-,-,Balahara armguards. The spikes are arranged artfully in a way that maximizes movement.,Stamina Surge,1,Evade Extender,1,-,-,Scaling Prowess,-,3500,Balahara Scale+,2,Balahara Carapace,2,Balahara Skull+,1,Balahara Tail,1
Balahara Coil α,Balahara α,Waist,5,38,-1,2,-3,1,1,-,-,-,Balahara waistgear. The fabric is colored a shade of red that stirs a competitive spirit.,Evade Window,1,Evade Extender,1,-,-,Scaling Prowess,-,3500,Balahara Certificate S,1,Balahara Skull+,1,Torrent Sac,1,-,-
Balahara Greaves α,Balahara α,Legs,5,38,-1,2,-3,1,1,2,-,-,"Spiny Balahara leg armor. The carapace has been split into clever, fluid parts.",Evade Extender,1,Geologist,1,-,-,Scaling Prowess,-,3500,Balahara Certificate S,1,Balahara Scale+,2,Balahara Carapace,2,Balahra Black Pearl,1
Balahara Helm β,Balahara β,Head,5,38,-1,2,-3,1,1,-,1,-,A Balahara helmet covered in roughly polished protrusions to strongly evoke its namesake.,Evade Window,1,-,-,-,-,Scale Layering,-,3500,Balahara Certificate S,1,Balahara Carapace,2,Balahara Skull+,1,-,-
Balahara Mail β,Balahara β,Chest,5,38,-1,2,-3,1,1,3,-,-,Balahara chest armor. The bulky shoulders are roomy enough to allow ample movement.,Geologist,1,-,-,-,-,Scale Layering,-,3500,Balahara Scale+,2,Balahara Skull+,1,Monster Keenbone,1,-,-
Balahara Vambraces β,Balahara β,Arms,5,38,-1,2,-3,1,1,-,1,-,Balahara armguards. The spikes are arranged artfully in a way that maximizes movement.,Evade Extender,1,-,-,-,-,Scale Layering,-,3500,Balahara Scale+,2,Balahara Carapace,2,Balahara Skull+,1,Balahara Tail,1
Balahara Coil β,Balahara β,Waist,5,38,-1,2,-3,1,1,2,-,-,Balahara waistgear. The fabric is colored a shade of red that stirs a competitive spirit.,Evade Window,1,-,-,-,-,Scale Layering,-,3500,Balahara Certificate S,1,Balahara Skull+,1,Torrent Sac,1,-,-
Balahara Greaves β,Balahara β,Legs,5,38,-1,2,-3,1,1,3,-,-,"Spiny Balahara leg armor. The carapace has been split into clever, fluid parts.",Evade Extender,1,-,-,-,-,Scale Layering,-,3500,Balahara Certificate S,1,Balahara Scale+,2,Balahara Carapace,2,Balahra Black Pearl,1
Hirabami Headdress α,Hirabami α,Head,5,38,-3,2,-2,3,0,-,-,-,Head armor made from Hirabami spoils. It keeps the wearer attuned and bound to the wind at all times.,Evade Window,1,Evade Extender,1,-,-,Scaling Prowess,-,3500,Hirabami Certificate S,1,Hirabami Hide+,3,Hirabami Tail Claw+,2,-,-
Hirabami Mail α,Hirabami α,Chest,5,38,-3,2,-2,3,0,1,-,-,Chest armor made from Hirabami spoils. The style is inspired by the gallant warriors of a foreign land.,Ice Resistance,2,Evade Window,1,-,-,Scaling Prowess,-,3500,Hirabami Certificate S,1,Hirabami Tail Claw+,1,Freezer Sac,1,-,-
Hirabami Vambraces α,Hirabami α,Arms,5,38,-3,2,-2,3,0,-,-,-,Armguards made from Hirabami spoils. Wind rises at the fingertips in warning to all adversaries.,Peak Performance,1,Evade Window,1,-,-,Scaling Prowess,-,3500,Hirabami Certificate S,1,Hirabami Scale+,2,Hirabami Webbing+,1,Wyvern Gem,1
Hirabami Coil α,Hirabami α,Waist,5,38,-3,2,-2,3,0,-,-,-,Waistgear made from Hirabami spoils. The elegant sash harnesses the wind to mitigate impacts.,Evade Window,2,-,-,-,-,Scaling Prowess,-,3500,Hirabami Scale+,2,Hirabami Webbing+,1,Monster Keenbone,1,-,-
Hirabami Greaves α,Hirabami α,Legs,5,38,-3,2,-2,3,0,1,-,-,"Leg armor made from Hirabami spoils. Designed for mobility, they feel like walking on wind.",Peak Performance,1,Ice Resistance,1,-,-,Scaling Prowess,-,3500,Hirabami Scale+,2,Hirabami Hide+,2,Hirabami Webbing+,2,Hirabami Tail Claw+,1
Hirabami Headdress β,Hirabami β,Head,5,38,-3,2,-2,3,0,2,-,-,Head armor made from Hirabami spoils. It keeps the wearer attuned and bound to the wind at all times.,Evade Window,1,-,-,-,-,Scale Layering,-,3500,Hirabami Certificate S,1,Hirabami Hide+,3,Hirabami Tail Claw+,2,-,-
Hirabami Mail β,Hirabami β,Chest,5,38,-3,2,-2,3,0,-,1,-,Chest armor made from Hirabami spoils. The style is inspired by the gallant warriors of a foreign land.,Evade Window,1,Ice Resistance,1,-,-,Scale Layering,-,3500,Hirabami Certificate S,1,Hirabami Tail Claw+,1,Freezer Sac,1,-,-
Hirabami Vambraces β,Hirabami β,Arms,5,38,-3,2,-2,3,0,2,-,-,Armguards made from Hirabami spoils. Wind rises at the fingertips in warning to all adversaries.,Evade Window,1,-,-,-,-,Scale Layering,-,3500,Hirabami Certificate S,1,Hirabami Scale+,2,Hirabami Webbing+,1,Wyvern Gem,1
Hirabami Coil β,Hirabami β,Waist,5,38,-3,2,-2,3,0,-,1,-,Waistgear made from Hirabami spoils. The elegant sash harnesses the wind to mitigate impacts.,Evade Window,1,-,-,-,-,Scale Layering,-,3500,Hirabami Scale+,2,Hirabami Webbing+,1,Monster Keenbone,1,-,-
Hirabami Greaves β,Hirabami β,Legs,5,38,-3,2,-2,3,0,-,1,-,"Leg armor made from Hirabami spoils. Designed for mobility, they feel like walking on wind.",Peak Performance,1,-,-,-,-,Scale Layering,-,3500,Hirabami Scale+,2,Hirabami Hide+,2,Hirabami Webbing+,2,Hirabami Tail Claw+,1
Rathian Helm α,Rathian α,Head,5,38,2,0,-2,0,-3,-,1,-,"Replete with queenly refinement, grace, and might, this sleek Rathian head armor has it all.",Divine Blessing,1,Recovery Speed,1,-,-,Scaling Prowess,-,3500,Rathian Scale+,2,Rathian Webbing,2,Monster Keenbone,2,-,-
Rathian Mail α,Rathian α,Chest,5,38,2,0,-2,0,-3,-,-,-,"Worthy of the Queen of the Land's name, common metals cannot pierce this Rathian chest armor.",Foray,2,-,-,-,-,Scaling Prowess,-,3500,Rathian Certificate S,1,Rathian Scale+,2,Rathian Ruby,1,-,-
Rathian Vambraces α,Rathian α,Arms,5,38,2,0,-2,0,-3,-,-,-,The green scales gracing these Rathian armguards show their true beauty when wreathed in hellfire.,Divine Blessing,2,Foray,1,-,-,Scaling Prowess,-,3500,Rathian Scale+,3,Rathian Carapace,3,Rathian Spike+,2,-,-
Rathian Coil α,Rathian α,Waist,5,38,2,0,-2,0,-3,-,-,-,"Resplendent with judicious light, this Rathian waistgear strikes fear into even the most vicious monsters.",Foray,1,Tool Specialist,1,-,-,Scaling Prowess,-,3500,Rathian Certificate S,1,Rathian Carapace,1,Rath Medulla,1,-,-
Rathian Greaves α,Rathian α,Legs,5,38,2,0,-2,0,-3,-,-,-,"Imbued with the Queen of the Land's strength, this Rathian leg armor tames the ground at your feet.",Recovery Speed,2,Foray,1,-,-,Scaling Prowess,-,3500,Rathian Certificate S,1,Rathian Carapace,2,Rathian Webbing,2,Dragonbone Relic,1
Rathian Helm β,Rathian β,Head,5,38,2,0,-2,0,-3,1,1,-,"Replete with queenly refinement, grace, and might, this sleek Rathian head armor has it all.",Divine Blessing,1,-,-,-,-,Scale Layering,-,3500,Rathian Scale+,2,Rathian Webbing,2,Monster Keenbone,2,-,-
Rathian Mail β,Rathian β,Chest,5,38,2,0,-2,0,-3,3,-,-,"Worthy of the Queen of the Land's name, common metals cannot pierce this Rathian chest armor.",Foray,1,-,-,-,-,Scale Layering,-,3500,Rathian Certificate S,1,Rathian Scale+,2,Rathian Ruby,1,-,-
Rathian Vambraces β,Rathian β,Arms,5,38,2,0,-2,0,-3,1,-,-,The green scales gracing these Rathian armguards show their true beauty when wreathed in hellfire.,Foray,1,Divine Blessing,1,-,-,Scale Layering,-,3500,Rathian Scale+,3,Rathian Carapace,3,Rathian Spike+,2,-,-
Rathian Coil β,Rathian β,Waist,5,38,2,0,-2,0,-3,-,1,-,"Resplendent with judicious light, this Rathian waistgear strikes fear into even the most vicious monsters.",Foray,1,-,-,-,-,Scale Layering,-,3500,Rathian Certificate S,1,Rathian Carapace,1,Rath Medulla,1,-,-
Rathian Greaves β,Rathian β,Legs,5,38,2,0,-2,0,-3,1,-,-,"Imbued with the Queen of the Land's strength, this Rathian leg armor tames the ground at your feet.",Foray,1,Recovery Speed,1,-,-,Scale Layering,-,3500,Rathian Certificate S,1,Rathian Carapace,2,Rathian Webbing,2,Dragonbone Relic,1
Ingot Helm α,Ingot α,Head,6,44,-2,0,3,-1,0,-,1,-,"Head armor fashioned from lustrous, golden ore. Regal protection with a crown to complete the look.",Divine Blessing,2,Resentment,1,-,-,-,-,4000,Fucium Ore,1,Carbalite Ore,2,Firecell Stone,1,-,-
Ingot Mail α,Ingot α,Chest,6,44,-2,0,3,-1,0,2,-,-,Chest armor crafted from brilliant golden ore. Its color and design are both highly pleasing.,Resentment,1,Windproof,1,-,-,-,-,4000,Fucium Ore,1,Carbalite Ore,1,Icium,4,-,-
Ingot Vambraces α,Ingot α,Arms,6,44,-2,0,3,-1,0,-,1,-,"Armguards fashioned from lustrous, golden ore. A union of artistry and utility with no absence of durability.",Stun Resistance,2,Resentment,1,-,-,-,-,4000,Fucium Ore,1,Carbalite Ore,2,Lightcrystal,2,-,-
Ingot Coil α,Ingot α,Waist,6,44,-2,0,3,-1,0,3,-,-,"Waistgear fashioned from lustrous, golden ore. It joins haute design with the very latest in armor craft.",Resentment,1,Divine Blessing,1,-,-,-,-,4000,Fucium Ore,1,Carbalite Ore,3,Novacrystal,1,-,-
Ingot Greaves α,Ingot α,Legs,6,44,-2,0,3,-1,0,-,1,-,"Leg armor fashioned from lustrous, golden ore. Clever smithing makes the metal feel fluid and light.",Resentment,1,Windproof,1,-,-,-,-,4000,Fucium Ore,1,Carbalite Ore,1,Firestone,2,-,-
G. Seikret Coil α,Guardian Seikret α,Waist,6,44,0,0,4,0,-3,1,-,-,"Guardian Seikret waistgear. The long, white feathers produce a faint, exquisite glow.",Earplugs,2,Jump Master,1,-,-,Guardian's Pulse,-,4000,Guardian Seikret Feather+,4,Tough Guardian Bone,4,-,-,-,-
G. Seikret Coil β,Guardian Seikret β,Waist,6,44,0,0,4,0,-3,1,1,-,"Guardian Seikret waistgear. The long, white feathers produce a faint, exquisite glow.",Earplugs,1,Jump Master,1,-,-,Guardian's Protection,-,4000,Guardian Seikret Feather+,4,Tough Guardian Bone,4,-,-,-,-
Gajau Boots α,Gajau α,Legs,6,44,0,5,0,0,0,3,-,-,Leg armor made from Gajau spoils. The pliable hide even has fans outside the hunter community.,Water Resistance,1,Outdoorsman,1,-,-,Flexible Leathercraft,-,4000,Gajau Hide,3,Monster Broth,5,-,-,-,-
G. Fulgur Helm α,Guardian Fulgur α,Head,6,48,-1,-1,2,-3,-2,-,-,-,Head armor made from Guardian Fulgur Anjanath spoils. To don it is to be seized by unspeakable cravings.,Agitator,2,Coalescence,1,-,-,Guardian's Pulse,Fulgur Anjanath's Will,5000,Guardian Fulgur Certificate S,1,Guardian Fulgur Pelt+,5,Guardian Fulgur Nosebone+,4,Thunder Sac,3
G. Fulgur Mail α,Guardian Fulgur α,Chest,6,48,-1,-1,2,-3,-2,-,1,-,Chest armor made from Guardian Fulgur Anjanath spoils. It instills a new vitality and sense of purpose.,Maximum Might,1,Coalescence,1,-,-,Guardian's Pulse,Fulgur Anjanath's Will,5000,Guardian Fulgur Certificate S,2,Guardian Fulgur Nosebone+,4,Guardian Fulgur Fang+,4,Wyvern Gem,1
G. Fulgur Vambraces α,Guardian Fulgur α,Arms,6,48,-1,-1,2,-3,-2,1,-,-,Armguards made from Guardian Fulgur Anjanath spoils. They agitate the wearer unless in constant motion.,Agitator,1,Maximum Might,1,-,-,Guardian's Pulse,Fulgur Anjanath's Will,5000,Guardian Fulgur Scale+,5,Guardian Fulgur Fang+,3,Guardian Pelt+,3,-,-
G. Fulgur Coil α,Guardian Fulgur α,Waist,6,48,-1,-1,2,-3,-2,2,-,-,Waistgear made from Guardian Fulgur Anjanath spoils. The white areas self-repair when damaged.,Maximum Might,1,Stamina Surge,1,-,-,Guardian's Pulse,Fulgur Anjanath's Will,5000,Guardian Fulgur Certificate S,1,Guardian Fulgur Scale+,3,Guardian Fulgur Fang+,2,Guardian Fulgur Gem,1
G. Fulgur Greaves α,Guardian Fulgur α,Legs,6,48,-1,-1,2,-3,-2,1,-,-,Leg armor made from Guardian Fulgur Anjanath spoils. Produces a faint white aura when worn.,Stamina Surge,2,Coalescence,1,-,-,Guardian's Pulse,Fulgur Anjanath's Will,5000,Guardian Fulgur Scale+,6,Guardian Fulgur Pelt+,6,Guardian Fulgur Tail,2,Guardian Blood+,2
G. Fulgur Helm β,Guardian Fulgur β,Head,6,48,-1,-1,2,-3,-2,-,1,-,Head armor made from Guardian Fulgur Anjanath spoils. To don it is to be seized by unspeakable cravings.,Agitator,2,-,-,-,-,Guardian's Protection,Fulgur Anjanath's Will,5000,Guardian Fulgur Certificate S,1,Guardian Fulgur Pelt+,5,Guardian Fulgur Nosebone+,4,Thunder Sac,3
G. Fulgur Mail β,Guardian Fulgur β,Chest,6,48,-1,-1,2,-3,-2,2,1,-,Chest armor made from Guardian Fulgur Anjanath spoils. It instills a new vitality and sense of purpose.,Maximum Might,1,-,-,-,-,Guardian's Protection,Fulgur Anjanath's Will,5000,Guardian Fulgur Certificate S,2,Guardian Fulgur Nosebone+,4,Guardian Fulgur Fang+,4,Wyvern Gem,1
G. Fulgur Vambraces β,Guardian Fulgur β,Arms,6,48,-1,-1,2,-3,-2,-,2,-,Armguards made from Guardian Fulgur Anjanath spoils. They agitate the wearer unless in constant motion.,Maximum Might,1,-,-,-,-,Guardian's Protection,Fulgur Anjanath's Will,5000,Guardian Fulgur Scale+,5,Guardian Fulgur Fang+,3,Guardian Pelt+,3,-,-
G. Fulgur Coil β,Guardian Fulgur β,Waist,6,48,-1,-1,2,-3,-2,-,2,-,Waistgear made from Guardian Fulgur Anjanath spoils. The white areas self-repair when damaged.,Stamina Surge,1,-,-,-,-,Guardian's Protection,Fulgur Anjanath's Will,5000,Guardian Fulgur Certificate S,1,Guardian Fulgur Scale+,3,Guardian Fulgur Fang+,2,Guardian Fulgur Gem,1
G. Fulgur Greaves β,Guardian Fulgur β,Legs,6,48,-1,-1,2,-3,-2,1,1,-,Leg armor made from Guardian Fulgur Anjanath spoils. Produces a faint white aura when worn.,Stamina Surge,1,Coalescence,1,-,-,Guardian's Protection,Fulgur Anjanath's Will,5000,Guardian Fulgur Scale+,6,Guardian Fulgur Pelt+,6,Guardian Fulgur Tail,2,Guardian Blood+,2
Doshaguma Helm α,Doshaguma α,Head,6,48,-3,2,-1,-1,4,1,1,-,Head armor made from Doshaguma parts. Pity any enemy who dares scoff at its imposing crest.,Free Meal,2,Stun Resistance,1,-,-,Fortifying Pelt,Doshaguma's Might,5000,Doshaguma Certificate S,2,Doshaguma Fang+,3,Quality Bone,2,-,-
Doshaguma Mail α,Doshaguma α,Chest,6,48,-3,2,-1,-1,4,1,-,-,Doshaguma chest armor. The lush shocks of fur function as a robust defensive layer.,Latent Power,1,Stamina Surge,1,-,-,Fortifying Pelt,Doshaguma's Might,5000,Doshaguma Certificate S,1,Doshaguma Hide+,5,Doshaguma Fang+,2,Herbivore Carapace,2
Doshaguma Braces α,Doshaguma α,Arms,6,48,-3,2,-1,-1,4,-,1,-,"Doshaguma armguards. Teeming with such feral power, they had to be restrained with metal bracers.",Stun Resistance,2,Stamina Surge,1,-,-,Fortifying Pelt,Doshaguma's Might,5000,Doshaguma Fur+,3,Doshaguma Claw+,2,Doshaguma Fang+,2,Great Stoutbone,3
Doshaguma Coil α,Doshaguma α,Waist,6,48,-3,2,-1,-1,4,1,-,-,Waistgear made from Doshaguma parts. Nothing can muss the thick pile of this sturdy sash.,Latent Power,2,-,-,-,-,Fortifying Pelt,Doshaguma's Might,5000,Doshaguma Certificate S,1,Doshaguma Fur+,5,Doshaguma Claw+,3,Beast Gem,1
Doshaguma Greaves α,Doshaguma α,Legs,6,48,-3,2,-1,-1,4,1,1,-,"Doshaguma leg armor. Whether dune or sandstorm, nothing can slow its wearer's progress.",Recovery Up,2,Free Meal,1,-,-,Fortifying Pelt,Doshaguma's Might,5000,Doshaguma Fur+,3,Doshaguma Hide+,4,Doshaguma Claw+,2,Acute Fang,2
Doshaguma Helm β,Doshaguma β,Head,6,48,-3,2,-1,-1,4,2,1,-,Head armor made from Doshaguma parts. Pity any enemy who dares scoff at its imposing crest.,Stun Resistance,1,Free Meal,1,-,-,Alluring Pelt,Doshaguma's Might,5000,Doshaguma Certificate S,2,Doshaguma Fang+,3,Quality Bone,2,-,-
Doshaguma Mail β,Doshaguma β,Chest,6,48,-3,2,-1,-1,4,3,-,-,Doshaguma chest armor. The lush shocks of fur function as a robust defensive layer.,Latent Power,1,-,-,-,-,Alluring Pelt,Doshaguma's Might,5000,Doshaguma Certificate S,1,Doshaguma Hide+,5,Doshaguma Fang+,2,Herbivore Carapace,2
Doshaguma Braces β,Doshaguma β,Arms,6,48,-3,2,-1,-1,4,1,1,-,"Doshaguma armguards. Teeming with such feral power, they had to be restrained with metal bracers.",Stun Resistance,1,Stamina Surge,1,-,-,Alluring Pelt,Doshaguma's Might,5000,Doshaguma Fur+,3,Doshaguma Claw+,2,Doshaguma Fang+,2,Great Stoutbone,3
Doshaguma Coil β,Doshaguma β,Waist,6,48,-3,2,-1,-1,4,-,2,-,Waistgear made from Doshaguma parts. Nothing can muss the thick pile of this sturdy sash.,Latent Power,1,-,-,-,-,Alluring Pelt,Doshaguma's Might,5000,Doshaguma Certificate S,1,Doshaguma Fur+,5,Doshaguma Claw+,3,Beast Gem,1
Doshaguma Greaves β,Doshaguma β,Legs,6,48,-3,2,-1,-1,4,2,1,-,"Doshaguma leg armor. Whether dune or sandstorm, nothing can slow its wearer's progress.",Recovery Up,1,Free Meal,1,-,-,Alluring Pelt,Doshaguma's Might,5000,Doshaguma Fur+,3,Doshaguma Hide+,4,Doshaguma Claw+,2,Acute Fang,2
G. Doshaguma Helm α,Guardian Doshaguma α,Head,6,48,-3,2,-1,-2,2,1,1,-,Head armor made from Guardian Doshaguma spoils. To don it is to be seized by unspeakable cravings.,Hunger Resistance,2,Heroics,1,-,-,Guardian's Pulse,Doshaguma's Might,5000,G. Doshaguma Certificate S,2,Guardian Doshaguma Claw+,2,Guardian Doshaguma Fang+,3,Guardian Blood+,2
G. Doshaguma Mail α,Guardian Doshaguma α,Chest,6,48,-3,2,-1,-2,2,1,1,-,Chest armor made from Guardian Doshaguma spoils. It instills a new vitality and sense of purpose.,Constitution,2,Iron Skin,1,-,-,Guardian's Pulse,Doshaguma's Might,5000,Guardian Doshaguma Fur+,3,Guardian Doshaguma Claw+,2,Guardian Pelt+,3,-,-
G. Doshaguma Braces α,Guardian Doshaguma α,Arms,6,48,-3,2,-1,-2,2,3,-,-,Armguards made from Guardian Doshaguma spoils. They agitate the wearer unless in constant motion.,Iron Skin,2,Heroics,1,-,-,Guardian's Pulse,Doshaguma's Might,5000,G. Doshaguma Certificate S,1,Guardian Doshaguma Fur+,5,Guardian Doshaguma Claw+,3,Beast Gem,1
G. Doshaguma Coil α,Guardian Doshaguma α,Waist,6,48,-3,2,-1,-2,2,-,1,-,Waistgear made from Guardian Doshaguma spoils. The white areas self-repair when damaged.,Heroics,2,Hunger Resistance,1,-,-,Guardian's Pulse,Doshaguma's Might,5000,Guardian Doshaguma Fur+,3,Guardian Doshaguma Hide+,4,Guardian Doshaguma Fang+,2,Stoutbone,2
G. Doshaguma Greaves α,Guardian Doshaguma α,Legs,6,48,-3,2,-1,-2,2,-,1,-,Leg armor made from Guardian Doshaguma spoils. Produces a faint white aura when worn.,Constitution,2,Heroics,1,-,-,Guardian's Pulse,Doshaguma's Might,5000,G. Doshaguma Certificate S,1,Guardian Doshaguma Hide+,5,Guardian Doshaguma Fang+,2,Guardian Seikret Feather+,2
G. Doshaguma Helm β,Guardian Doshaguma β,Head,6,48,-3,2,-1,-2,2,1,2,-,Head armor made from Guardian Doshaguma spoils. To don it is to be seized by unspeakable cravings.,Heroics,1,-,-,-,-,Guardian's Protection,Doshaguma's Might,5000,G. Doshaguma Certificate S,2,Guardian Doshaguma Claw+,2,Guardian Doshaguma Fang+,3,Guardian Blood+,2
G. Doshaguma Mail β,Guardian Doshaguma β,Chest,6,48,-3,2,-1,-2,2,-,2,-,Chest armor made from Guardian Doshaguma spoils. It instills a new vitality and sense of purpose.,Constitution,2,-,-,-,-,Guardian's Protection,Doshaguma's Might,5000,Guardian Doshaguma Fur+,3,Guardian Doshaguma Claw+,2,Guardian Pelt+,3,-,-
G. Doshaguma Braces β,Guardian Doshaguma β,Arms,6,48,-3,2,-1,-2,2,1,2,-,Armguards made from Guardian Doshaguma spoils. They agitate the wearer unless in constant motion.,Heroics,1,-,-,-,-,Guardian's Protection,Doshaguma's Might,5000,G. Doshaguma Certificate S,1,Guardian Doshaguma Fur+,5,Guardian Doshaguma Claw+,3,Beast Gem,1
G. Doshaguma Coil β,Guardian Doshaguma β,Waist,6,48,-3,2,-1,-2,2,1,1,-,Waistgear made from Guardian Doshaguma spoils. The white areas self-repair when damaged.,Heroics,2,-,-,-,-,Guardian's Protection,Doshaguma's Might,5000,Guardian Doshaguma Fur+,3,Guardian Doshaguma Hide+,4,Guardian Doshaguma Fang+,2,Stoutbone,2
G. Doshaguma Greaves β,Guardian Doshaguma β,Legs,6,48,-3,2,-1,-2,2,1,1,-,Leg armor made from Guardian Doshaguma spoils. Produces a faint white aura when worn.,Constitution,1,Heroics,1,-,-,Guardian's Protection,Doshaguma's Might,5000,G. Doshaguma Certificate S,1,Guardian Doshaguma Hide+,5,Guardian Doshaguma Fang+,2,Guardian Seikret Feather+,2
Ajarakan Helm α,Ajarakan α,Head,6,48,3,-3,1,-2,0,1,-,-,Imposing Ajarakan head armor. Donning it will draw the fires from within to burst forth.,Resentment,2,Bombardier,1,-,-,Fortifying Pelt,-,5000,Ajarakan Certificate S,1,Ajarakan Carapace,5,Ajarakan Ridge+,4,Charred Oilbone,2
Ajarakan Mail α,Ajarakan α,Chest,6,48,3,-3,1,-2,0,1,-,-,Ajarakan chest armor. The heat of its flames warns prey of their final immolation.,Resentment,2,Blast Resistance,1,-,-,Fortifying Pelt,-,5000,Ajarakan Scale+,5,Ajarakan Jewel+,3,Great Stoutbone,3,-,-
Ajarakan Vambraces α,Ajarakan α,Arms,6,48,3,-3,1,-2,0,-,1,-,Mighty Ajarakan armguards. They have just as much ground-shaking power as their namesake.,Bombardier,2,Partbreaker,1,-,-,Fortifying Pelt,-,5000,Ajarakan Certificate S,1,Ajarakan Jewel+,2,Ajarakan Scale+,3,Ajarakan Medulla,1
Ajarakan Coil α,Ajarakan α,Waist,6,48,3,-3,1,-2,0,1,-,-,Ajarakan waistgear. It acts as a tether to quell the wearer's exploding rage.,Blast Resistance,2,Partbreaker,2,-,-,Fortifying Pelt,-,5000,Ajarakan Certificate S,2,Ajarakan Ridge+,2,Ajarakan Tail,2,Ajarakan Marrow,1
Ajarakan Greaves α,Ajarakan α,Legs,6,48,3,-3,1,-2,0,-,-,-,Flame crested Ajarakan leg armor. A heat so fierce that each step makes the earth shudder in agony.,Partbreaker,2,Resentment,1,-,-,Fortifying Pelt,-,5000,Ajarakan Scale+,6,Ajarakan Carapace,6,Ajarakan Jewel+,4,Ajarakan Ridge+,3
Ajarakan Helm β,Ajarakan β,Head,6,48,3,-3,1,-2,0,1,1,-,Imposing Ajarakan head armor. Donning it will draw the fires from within to burst forth.,Resentment,1,Bombardier,1,-,-,Alluring Pelt,-,5000,Ajarakan Certificate S,1,Ajarakan Carapace,5,Ajarakan Ridge+,4,Charred Oilbone,2
Ajarakan Mail β,Ajarakan β,Chest,6,48,3,-3,1,-2,0,-,1,-,Ajarakan chest armor. The heat of its flames warns prey of their final immolation.,Resentment,2,-,-,-,-,Alluring Pelt,-,5000,Ajarakan Scale+,5,Ajarakan Jewel+,3,Great Stoutbone,3,-,-
Ajarakan Vambraces β,Ajarakan β,Arms,6,48,3,-3,1,-2,0,1,1,-,Mighty Ajarakan armguards. They have just as much ground-shaking power as their namesake.,Partbreaker,1,Bombardier,1,-,-,Alluring Pelt,-,5000,Ajarakan Certificate S,1,Ajarakan Jewel+,2,Ajarakan Scale+,3,Ajarakan Medulla,1
Ajarakan Coil β,Ajarakan β,Waist,6,48,3,-3,1,-2,0,-,1,-,Ajarakan waistgear. It acts as a tether to quell the wearer's exploding rage.,Partbreaker,2,Blast Resistance,1,-,-,Alluring Pelt,-,5000,Ajarakan Certificate S,2,Ajarakan Ridge+,2,Ajarakan Tail,2,Ajarakan Marrow,1
Ajarakan Greaves β,Ajarakan β,Legs,6,48,3,-3,1,-2,0,2,-,-,Flame crested Ajarakan leg armor. A heat so fierce that each step makes the earth shudder in agony.,Partbreaker,2,-,-,-,-,Alluring Pelt,-,5000,Ajarakan Scale+,6,Ajarakan Carapace,6,Ajarakan Jewel+,4,Ajarakan Ridge+,3
G. Ebony Helm α,Guardian Ebony α,Head,6,48,-2,-3,-2,-2,4,-,-,-,Head armor made from Guardian Ebony Odogaron spoils. To don it is to be seized by unspeakable cravings.,Burst,2,Earplugs,1,-,-,Guardian's Pulse,Ebony Odogaron's Power,5000,Guardian Ebony Scale+,6,Guardian Ebony Sinew+,6,Guardian Ebony Claw+,4,Guardian Ebony Fang+,3
G. Ebony Mail α,Guardian Ebony α,Chest,6,48,-2,-3,-2,-2,4,-,1,-,Chest armor made from Guardian Ebony Odogaron spoils. It instills a new vitality and sense of purpose.,Bleeding Resistance,2,Earplugs,1,-,-,Guardian's Pulse,Ebony Odogaron's Power,5000,Guardian Ebony Scale+,5,Guardian Ebony Claw+,3,Guardian Scale+,3,-,-
G. Ebony Braces α,Guardian Ebony α,Arms,6,48,-2,-3,-2,-2,4,-,-,-,Armguards made from Guardian Ebony Odogaron spoils. They agitate the wearer unless in constant motion.,Burst,2,Divine Blessing,1,-,-,Guardian's Pulse,Ebony Odogaron's Power,5000,G. Ebony Odogaron Certificate S,1,Guardian Ebony Claw+,2,Guardian Ebony Scale+,3,Guardian Ebony Gem,1
G. Ebony Coil α,Guardian Ebony α,Waist,6,48,-2,-3,-2,-2,4,-,1,-,Waistgear made from Guardian Ebony Odogaron spoils. The white areas self-repair when damaged.,Burst,1,Bleeding Resistance,1,-,-,Guardian's Pulse,Ebony Odogaron's Power,5000,G. Ebony Odogaron Certificate S,2,Guardian Ebony Fang+,2,Guardian Ebony Tail,2,Guardian Ebony Plate,1
G. Ebony Greaves α,Guardian Ebony α,Legs,6,48,-2,-3,-2,-2,4,-,1,-,Leg armor made from Guardian Ebony Odogaron spoils. Produces a faint white aura when worn.,Divine Blessing,2,Earplugs,1,-,-,Guardian's Pulse,Ebony Odogaron's Power,5000,G. Ebony Odogaron Certificate S,1,Guardian Ebony Sinew+,5,Guardian Ebony Fang+,4,Tough Guardian Bone,2
G. Ebony Helm β,Guardian Ebony β,Head,6,48,-2,-3,-2,-2,4,-,1,-,Head armor made from Guardian Ebony Odogaron spoils. To don it is to be seized by unspeakable cravings.,Burst,2,-,-,-,-,Guardian's Protection,Ebony Odogaron's Power,5000,Guardian Ebony Scale+,6,Guardian Ebony Sinew+,6,Guardian Ebony Claw+,4,Guardian Ebony Fang+,3
G. Ebony Mail β,Guardian Ebony β,Chest,6,48,-2,-3,-2,-2,4,-,2,-,Chest armor made from Guardian Ebony Odogaron spoils. It instills a new vitality and sense of purpose.,Earplugs,1,-,-,-,-,Guardian's Protection,Ebony Odogaron's Power,5000,Guardian Ebony Scale+,5,Guardian Ebony Claw+,3,Guardian Scale+,3,-,-
G. Ebony Braces β,Guardian Ebony β,Arms,6,48,-2,-3,-2,-2,4,1,1,-,Armguards made from Guardian Ebony Odogaron spoils. They agitate the wearer unless in constant motion.,Burst,1,Divine Blessing,1,-,-,Guardian's Protection,Ebony Odogaron's Power,5000,G. Ebony Odogaron Certificate S,1,Guardian Ebony Claw+,2,Guardian Ebony Scale+,3,Guardian Ebony Gem,1
G. Ebony Coil β,Guardian Ebony β,Waist,6,48,-2,-3,-2,-2,4,1,1,-,Waistgear made from Guardian Ebony Odogaron spoils. The white areas self-repair when damaged.,Burst,1,-,-,-,-,Guardian's Protection,Ebony Odogaron's Power,5000,G. Ebony Odogaron Certificate S,2,Guardian Ebony Fang+,2,Guardian Ebony Tail,2,Guardian Ebony Plate,1
G. Ebony Greaves β,Guardian Ebony β,Legs,6,48,-2,-3,-2,-2,4,1,1,-,Leg armor made from Guardian Ebony Odogaron spoils. Produces a faint white aura when worn.,Divine Blessing,1,Earplugs,1,-,-,Guardian's Protection,Ebony Odogaron's Power,5000,G. Ebony Odogaron Certificate S,1,Guardian Ebony Sinew+,5,Guardian Ebony Fang+,4,Tough Guardian Bone,2
Xu Wu Helm α,Xu Wu α,Head,6,48,1,1,1,-3,2,1,-,-,Concealing Xu Wu head armor. Fitting attire for hunters who dwell in darkness.,Adrenaline Rush,2,Ambush,1,-,-,Flexible Leathercraft,Xu Wu's Vigor,5000,Xu Wu Certificate S,2,Xu Wu Tentacle+,4,Xu Wu Fang+,5,Xu Wu Cerebrospinal Fluid,1
Xu Wu Mail α,Xu Wu α,Chest,6,48,1,1,1,-3,2,-,-,-,Xu Wu chest armor. The long scarf can be used as protective gear and multi-purpose rope.,Heroics,3,Ambush,1,-,-,Flexible Leathercraft,Xu Wu's Vigor,5000,Xu Wu Certificate S,1,Xu Wu Hide+,4,Xu Wu Claw+,4,Xu Wu Umbragem,1
Xu Wu Vambraces α,Xu Wu α,Arms,6,48,1,1,1,-3,2,1,1,-,Xu Wu armguards. The clever design gives the wearer's fingers a nimble edge even in the dark.,Earplugs,2,-,-,-,-,Flexible Leathercraft,Xu Wu's Vigor,5000,Xu Wu Hide+,6,Golden Corneum+,6,Xu Wu Claw+,3,Xu Wu Fang+,3
Xu Wu Coil α,Xu Wu α,Waist,6,48,1,1,1,-3,2,-,1,-,Slinky Xu Wu waistgear. The uniquely textured leather moves silent as a whisper.,Heroics,2,Earplugs,1,-,-,Flexible Leathercraft,Xu Wu's Vigor,5000,Xu Wu Hide+,5,Xu Wu Claw+,3,Guardian Seikret Feather+,2,-,-
Xu Wu Greaves α,Xu Wu α,Legs,6,48,1,1,1,-3,2,1,1,-,Xu Wu leg armor. Meticulously crafted to allow the wearer to slink silently through the dark.,Adrenaline Rush,1,Ambush,1,-,-,Flexible Leathercraft,Xu Wu's Vigor,5000,Xu Wu Certificate S,1,Golden Corneum+,5,Xu Wu Tentacle+,4,Torrent Sac,2
Xu Wu Helm β,Xu Wu β,Head,6,48,1,1,1,-3,2,1,1,-,Concealing Xu Wu head armor. Fitting attire for hunters who dwell in darkness.,Adrenaline Rush,2,-,-,-,-,Buttery Leathercraft,Xu Wu's Vigor,5000,Xu Wu Certificate S,2,Xu Wu Tentacle+,4,Xu Wu Fang+,5,Xu Wu Cerebrospinal Fluid,1
Xu Wu Mail β,Xu Wu β,Chest,6,48,1,1,1,-3,2,2,-,-,Xu Wu chest armor. The long scarf can be used as protective gear and multi-purpose rope.,Heroics,3,-,-,-,-,Buttery Leathercraft,Xu Wu's Vigor,5000,Xu Wu Certificate S,1,Xu Wu Hide+,4,Xu Wu Claw+,4,Xu Wu Umbragem,1
Xu Wu Vambraces β,Xu Wu β,Arms,6,48,1,1,1,-3,2,1,2,-,Xu Wu armguards. The clever design gives the wearer's fingers a nimble edge even in the dark.,Earplugs,1,-,-,-,-,Buttery Leathercraft,Xu Wu's Vigor,5000,Xu Wu Hide+,6,Golden Corneum+,6,Xu Wu Claw+,3,Xu Wu Fang+,3
Xu Wu Coil β,Xu Wu β,Waist,6,48,1,1,1,-3,2,2,1,-,Slinky Xu Wu waistgear. The uniquely textured leather moves silent as a whisper.,Heroics,1,Earplugs,1,-,-,Buttery Leathercraft,Xu Wu's Vigor,5000,Xu Wu Hide+,5,Xu Wu Claw+,3,Guardian Seikret Feather+,2,-,-
Xu Wu Greaves β,Xu Wu β,Legs,6,48,1,1,1,-3,2,1,2,-,Xu Wu leg armor. Meticulously crafted to allow the wearer to slink silently through the dark.,Adrenaline Rush,1,-,-,-,-,Buttery Leathercraft,Xu Wu's Vigor,5000,Xu Wu Certificate S,1,Golden Corneum+,5,Xu Wu Tentacle+,4,Torrent Sac,2
Rathalos Helm α,Rathalos α,Head,6,48,3,1,-2,1,-3,2,-,-,Head armor crafted from Rathalos parts. Equivalent to a king's crown with unparalleled defense.,Evade Window,2,Constitution,1,-,-,Scaling Prowess,Rathalos's Flare,5000,Rathalos Scale+,5,Rathalos Wing,3,Monster Keenbone,3,-,-
Rathalos Mail α,Rathalos α,Chest,6,48,3,1,-2,1,-3,1,-,-,"Chest armor made of Rathalos parts. Carved from the King of the Skies, it boasts overwhelming defense.",Adrenaline Rush,2,Constitution,1,-,-,Scaling Prowess,Rathalos's Flare,5000,Rathalos Scale+,6,Rathalos Carapace,6,Rathalos Tail,2,Dragonbone Relic,1
Rathalos Vambraces α,Rathalos α,Arms,6,48,3,1,-2,1,-3,2,-,-,Crafted from Rathalos parts. These armguards deliver sundering blows with the power of the King of the Skies.,Constitution,2,Evade Window,1,-,-,Scaling Prowess,Rathalos's Flare,5000,Rathalos Certificate S,1,Rathalos Scale+,4,Rathalos Ruby,1,Inferno Sac,3
Rathalos Coil α,Rathalos α,Waist,6,48,3,1,-2,1,-3,-,-,-,"Crafted from Rathalos parts, this waistgear has the wearer appear as if they were a wyvern themself.",Adrenaline Rush,2,Evade Window,1,-,-,Scaling Prowess,Rathalos's Flare,5000,Rathalos Certificate S,2,Rathalos Carapace,3,Rath Medulla,1,Firestone,2
Rathalos Greaves α,Rathalos α,Legs,6,48,3,1,-2,1,-3,-,1,-,"Sturdy and supple, this Rathalos leg armor makes one as nimble as a fire wyvern mounting the skies.",Evade Window,2,Adrenaline Rush,1,-,-,Scaling Prowess,Rathalos's Flare,5000,Rathalos Certificate S,1,Rathalos Carapace,5,Rathalos Wing,4,Wingdrake Hide+,2
Rathalos Helm β,Rathalos β,Head,6,48,3,1,-2,1,-3,-,2,-,Head armor crafted from Rathalos parts. Equivalent to a king's crown with unparalleled defense.,Constitution,1,Evade Window,1,-,-,Scale Layering,Rathalos's Flare,5000,Rathalos Scale+,5,Rathalos Wing,3,Monster Keenbone,3,-,-
Rathalos Mail β,Rathalos β,Chest,6,48,3,1,-2,1,-3,2,-,-,"Chest armor made of Rathalos parts. Carved from the King of the Skies, it boasts overwhelming defense.",Adrenaline Rush,2,-,-,-,-,Scale Layering,Rathalos's Flare,5000,Rathalos Scale+,6,Rathalos Carapace,6,Rathalos Tail,2,Dragonbone Relic,1
Rathalos Vambraces β,Rathalos β,Arms,6,48,3,1,-2,1,-3,2,1,-,Crafted from Rathalos parts. These armguards deliver sundering blows with the power of the King of the Skies.,Constitution,2,-,-,-,-,Scale Layering,Rathalos's Flare,5000,Rathalos Certificate S,1,Rathalos Scale+,4,Rathalos Ruby,1,Inferno Sac,3
Rathalos Coil β,Rathalos β,Waist,6,48,3,1,-2,1,-3,-,1,-,"Crafted from Rathalos parts, this waistgear has the wearer appear as if they were a wyvern themself.",Adrenaline Rush,2,-,-,-,-,Scale Layering,Rathalos's Flare,5000,Rathalos Certificate S,2,Rathalos Carapace,3,Rath Medulla,1,Firestone,2
Rathalos Greaves β,Rathalos β,Legs,6,48,3,1,-2,1,-3,1,2,-,"Sturdy and supple, this Rathalos leg armor makes one as nimble as a fire wyvern mounting the skies.",Evade Window,2,-,-,-,-,Scale Layering,Rathalos's Flare,5000,Rathalos Certificate S,1,Rathalos Carapace,5,Rathalos Wing,4,Wingdrake Hide+,2
G. Rathalos Helm α,Guardian Rathalos α,Head,6,48,3,1,-2,1,-5,2,-,-,Head armor made from Guardian Rathalos spoils. To don it is to be seized by unspeakable cravings.,Survival Expert,2,Weakness Exploit,1,-,-,Guardian's Pulse,Rathalos's Flare,5000,G. Rathalos Certificate S,1,Guardian Rathalos Carapace,5,Guardian Rathalos Wing,2,Novacrystal,1
G. Rathalos Mail α,Guardian Rathalos α,Chest,6,48,3,1,-2,1,-5,1,-,-,Chest armor made from Guardian Rathalos spoils. It instills a new vitality and sense of purpose.,Intimidator,2,Weakness Exploit,1,-,-,Guardian's Pulse,Rathalos's Flare,5000,Guardian Rathalos Scale+,5,Guardian Rathalos Wing,2,Guardian Scale+,3,-,-
G. Rathalos Vambraces α,Guardian Rathalos α,Arms,6,48,3,1,-2,1,-5,-,1,-,Armguards made from Guardian Rathalos spoils. They agitate the wearer unless in constant motion.,Weakness Exploit,1,Survival Expert,1,Intimidator,1,Guardian's Pulse,Rathalos's Flare,5000,G. Rathalos Certificate S,1,Guardian Rathalos Scale+,6,Guardian Rathalos Carapace,5,Guardian Rathalos Ruby,1
G. Rathalos Coil α,Guardian Rathalos α,Waist,6,48,3,1,-2,1,-5,2,-,-,Waistgear made from Guardian Rathalos spoils. The white areas self-repair when damaged.,Weakness Exploit,1,Windproof,1,-,-,Guardian's Pulse,Rathalos's Flare,5000,Guardian Rathalos Scale+,6,Guardian Rathalos Carapace,6,Guardian Rathalos Wing,2,Guardian Rathalos Tail,2
G. Rathalos Greaves α,Guardian Rathalos α,Legs,6,48,3,1,-2,1,-5,1,-,-,Leg armor made from Guardian Rathalos spoils. Produces a faint white aura when worn.,Windproof,2,Weakness Exploit,1,-,-,Guardian's Pulse,Rathalos's Flare,5000,G. Rathalos Certificate S,2,Guardian Rathalos Wing,2,Guardian Rathalos Plate,1,Inferno Sac,5
G. Rathalos Helm β,Guardian Rathalos β,Head,6,48,3,1,-2,1,-5,-,2,-,Head armor made from Guardian Rathalos spoils. To don it is to be seized by unspeakable cravings.,Weakness Exploit,1,-,-,-,-,Guardian's Protection,Rathalos's Flare,5000,G. Rathalos Certificate S,1,Guardian Rathalos Carapace,5,Guardian Rathalos Wing,2,Novacrystal,1
G. Rathalos Mail β,Guardian Rathalos β,Chest,6,48,3,1,-2,1,-5,-,1,-,Chest armor made from Guardian Rathalos spoils. It instills a new vitality and sense of purpose.,Weakness Exploit,1,Intimidator,1,-,-,Guardian's Protection,Rathalos's Flare,5000,Guardian Rathalos Scale+,5,Guardian Rathalos Wing,2,Guardian Scale+,3,-,-
G. Rathalos Vambraces β,Guardian Rathalos β,Arms,6,48,3,1,-2,1,-5,2,1,-,Armguards made from Guardian Rathalos spoils. They agitate the wearer unless in constant motion.,Weakness Exploit,1,-,-,-,-,Guardian's Protection,Rathalos's Flare,5000,G. Rathalos Certificate S,1,Guardian Rathalos Scale+,6,Guardian Rathalos Carapace,5,Guardian Rathalos Ruby,1
G. Rathalos Coil β,Guardian Rathalos β,Waist,6,48,3,1,-2,1,-5,1,2,-,Waistgear made from Guardian Rathalos spoils. The white areas self-repair when damaged.,Windproof,1,-,-,-,-,Guardian's Protection,Rathalos's Flare,5000,Guardian Rathalos Scale+,6,Guardian Rathalos Carapace,6,Guardian Rathalos Wing,2,Guardian Rathalos Tail,2
G. Rathalos Greaves β,Guardian Rathalos β,Legs,6,48,3,1,-2,1,-5,-,1,-,Leg armor made from Guardian Rathalos spoils. Produces a faint white aura when worn.,Weakness Exploit,1,Windproof,1,-,-,Guardian's Protection,Rathalos's Flare,5000,G. Rathalos Certificate S,2,Guardian Rathalos Wing,2,Guardian Rathalos Plate,1,Inferno Sac,5
Gravios Helm α,Gravios α,Head,6,52,4,-3,1,0,-2,1,1,-,A helm cast from Gravios materials. This rock-like armor deflects attacks.,Peak Performance,1,Tremor Resistance,1,-,-,Scaling Prowess,Gravios's Protection,5000,Gravios Carapace,5,Gravios Pleura+,3,Monster Keenbone,3,-,-
Gravios Mail α,Gravios α,Chest,6,52,4,-3,1,0,-2,1,1,-,Chest armor made from Gravios parts. Striking it is more likely to hurt the attacker.,Recovery Speed,2,Peak Performance,1,-,-,Scaling Prowess,Gravios's Protection,5000,Gravios Certificate S,1,Gravios Wing,3,Wyvern Gem,1,Firestone,2
Gravios Vambraces α,Gravios α,Arms,6,52,4,-3,1,0,-2,1,-,-,Armguards made from Gravios parts. Their powerful appearance hints at their true strength.,Peak Performance,2,Flinch Free,1,-,-,Scaling Prowess,Gravios's Protection,5000,Gravios Certificate S,2,Gravios Carapace,4,Gravios Medulla,1,Firecell Stone,1
Gravios Coil α,Gravios α,Waist,6,52,4,-3,1,0,-2,-,1,-,Waist armor made with Gravios parts. Its thickness and weight are indicative of its defensive power.,Flinch Free,2,Peak Performance,1,-,-,Scaling Prowess,Gravios's Protection,5000,Gravios Certificate S,3,Gravios Wing,5,Gravios Pleura+,4,Kranodath Skull+,2
Gravios Greaves α,Gravios α,Legs,6,52,4,-3,1,0,-2,1,1,-,Greaves made from Gravios parts. Tightly fastened to protect like a castle gate.,Tremor Resistance,2,Recovery Speed,1,-,-,Scaling Prowess,Gravios's Protection,5000,Gravios Carapace,6,Gravios Wing,6,Gravios Skull,2,Coma Sac,3
Gravios Helm β,Gravios β,Head,6,52,4,-3,1,0,-2,-,2,-,A helm cast from Gravios materials. This rock-like armor deflects attacks.,Peak Performance,1,-,-,-,-,Scale Layering,Gravios's Protection,5000,Gravios Carapace,5,Gravios Pleura+,3,Monster Keenbone,3,-,-
Gravios Mail β,Gravios β,Chest,6,52,4,-3,1,0,-2,-,2,-,Chest armor made from Gravios parts. Striking it is more likely to hurt the attacker.,Peak Performance,1,Recovery Speed,1,-,-,Scale Layering,Gravios's Protection,5000,Gravios Certificate S,1,Gravios Wing,3,Wyvern Gem,1,Firestone,2
Gravios Vambraces β,Gravios β,Arms,6,52,4,-3,1,0,-2,-,1,-,Armguards made from Gravios parts. Their powerful appearance hints at their true strength.,Peak Performance,2,-,-,-,-,Scale Layering,Gravios's Protection,5000,Gravios Certificate S,2,Gravios Carapace,4,Gravios Medulla,1,Firecell Stone,1
Gravios Coil β,Gravios β,Waist,6,52,4,-3,1,0,-2,1,1,-,Waist armor made with Gravios parts. Its thickness and weight are indicative of its defensive power.,Peak Performance,1,Flinch Free,1,-,-,Scale Layering,Gravios's Protection,5000,Gravios Certificate S,3,Gravios Wing,5,Gravios Pleura+,4,Kranodath Skull+,2
Gravios Greaves β,Gravios β,Legs,6,52,4,-3,1,0,-2,-,2,-,Greaves made from Gravios parts. Tightly fastened to protect like a castle gate.,Recovery Speed,1,Tremor Resistance,1,-,-,Scale Layering,Gravios's Protection,5000,Gravios Carapace,6,Gravios Wing,6,Gravios Skull,2,Coma Sac,3
Blango Helm α,Blango α,Head,6,48,-4,1,0,4,0,2,-,-,Head armor made from Blangonga materials. Overflowing with the honor of a foreign god.,Wide-Range,2,Counterstrike,1,-,-,Fortifying Pelt,Blangonga's Spirit,5000,Blangonga Pelt+,3,Blangonga Fang+,4,Blangonga Tail,2,Colossal Bone,2
Blango Mail α,Blango α,Chest,6,48,-4,1,0,4,0,-,-,-,"Chest armor made of Blangonga materials. It has a distinct, eastern feel to it.",Agitator,2,Item Prolonger,2,-,-,Fortifying Pelt,Blangonga's Spirit,5000,Blangonga Certificate S,2,Blangonga Whisker,3,Blango Pelt+,2,-,-
Blango Vambraces α,Blango α,Arms,6,48,-4,1,0,4,0,-,1,-,"Armguards made from Blangonga parts. The tough pelt is woven with gentle, inspiring elegance.",Palico Rally,2,Counterstrike,1,-,-,Fortifying Pelt,Blangonga's Spirit,5000,Blangonga Certificate S,1,Blangonga Pelt+,5,Blangonga Tail,3,Beast Gem,1
Blango Coil α,Blango α,Waist,6,48,-4,1,0,4,0,1,-,-,"Waistgear made of Blangonga parts with technology from the ""Eastern Land of the Gods.""",Agitator,2,Wide-Range,1,-,-,Fortifying Pelt,Blangonga's Spirit,5000,Blangonga Certificate S,1,Blangonga Fang+,5,Blangonga Whisker,2,Freezer Sac,3
Blango Greaves α,Blango α,Legs,6,48,-4,1,0,4,0,2,-,-,"Leg armor made from Blangonga spoils. The striking, exotic shapes draw from Far Eastern ritual garb.",Agitator,1,Counterstrike,1,-,-,Fortifying Pelt,Blangonga's Spirit,5000,Blangonga Pelt+,3,Blangonga Tail,2,Blangonga Whisker,2,Great Stoutbone,3
Blango Helm β,Blango β,Head,6,48,-4,1,0,4,0,2,1,-,Head armor made from Blangonga materials. Overflowing with the honor of a foreign god.,Wide-Range,2,-,-,-,-,Alluring Pelt,Blangonga's Spirit,5000,Blangonga Pelt+,3,Blangonga Fang+,4,Blangonga Tail,2,Colossal Bone,2
Blango Mail β,Blango β,Chest,6,48,-4,1,0,4,0,-,1,-,"Chest armor made of Blangonga materials. It has a distinct, eastern feel to it.",Agitator,2,-,-,-,-,Alluring Pelt,Blangonga's Spirit,5000,Blangonga Certificate S,2,Blangonga Whisker,3,Blango Pelt+,2,-,-
Blango Vambraces β,Blango β,Arms,6,48,-4,1,0,4,0,-,2,-,"Armguards made from Blangonga parts. The tough pelt is woven with gentle, inspiring elegance.",Counterstrike,1,-,-,-,-,Alluring Pelt,Blangonga's Spirit,5000,Blangonga Certificate S,1,Blangonga Pelt+,5,Blangonga Tail,3,Beast Gem,1
Blango Coil β,Blango β,Waist,6,48,-4,1,0,4,0,2,-,-,"Waistgear made of Blangonga parts with technology from the ""Eastern Land of the Gods.""",Agitator,2,-,-,-,-,Alluring Pelt,Blangonga's Spirit,5000,Blangonga Certificate S,1,Blangonga Fang+,5,Blangonga Whisker,2,Freezer Sac,3
Blango Greaves β,Blango β,Legs,6,48,-4,1,0,4,0,-,2,-,"Leg armor made from Blangonga spoils. The striking, exotic shapes draw from Far Eastern ritual garb.",Agitator,1,-,-,-,-,Alluring Pelt,Blangonga's Spirit,5000,Blangonga Pelt+,3,Blangonga Tail,2,Blangonga Whisker,2,Great Stoutbone,3
Commission Helm α,Commission α,Head,6,44,2,2,0,0,0,1,-,-,Head armor worn by hunters on an expedition to the New World. Sturdily made.,Agitator,1,Maximum Might,1,-,-,-,-,4000,Commission Ticket,1,Carbalite Ore,2,Chatacabra Scale+,5,-,-
Commission Mail α,Commission α,Chest,6,44,2,2,0,0,0,1,-,-,Chest armor worn by hunters on an expedition to the New World. Sturdily made.,Divine Blessing,2,Agitator,1,-,-,-,-,4000,Commission Ticket,1,Gracium,2,Lala Barina Floret+,5,-,-
Commission Vambraces α,Commission α,Arms,6,44,2,2,0,0,0,1,-,-,Armguards worn by hunters on an expedition to the New World. Sturdily made.,Quick Sheathe,2,Agitator,1,-,-,-,-,4000,Commission Ticket,1,Moster Keenbone,2,Balahara Scale+,5,-,-
Commission Coil α,Commission α,Waist,6,44,2,2,0,0,0,1,-,-,Waistgear worn by hunters on an expedition to the New World. Sturdily made.,Agitator,1,Tool Specialist,1,-,-,-,-,4000,Commission Ticket,1,Stoutbone,2,Doshaguma Fur+,5,-,-
Commission Greaves α,Commission α,Legs,6,44,2,2,0,0,0,1,-,-,Leg armor worn by hunters on an expedition to the New World. Sturdily made.,Agitator,1,Earplugs,1,-,-,-,-,4000,Commission Ticket,1,Quality Bone,2,Quematrice Scale+,5,-,-
Kunafa Headgear α,Kunafa α,Head,6,44,1,1,4,1,1,-,1,-,Head armor with large horns traditionally worn by the leader of the Vanguard in the Windsong Village.,Wide-Range,2,Palico Rally,1,-,-,Imparted Wisdom,-,4000,Dalthydon Wool,1,Talioth Scale+,2,-,-,-,-
Kunafa Cloak α,Kunafa α,Chest,6,44,1,1,4,1,1,-,1,-,"A cloak worn for generations in the Windsong Village, notable for the Seikret feathers woven into it.",Free Meal,2,Palico Rally,1,-,-,Imparted Wisdom,-,4000,Dalthydon Wool,1,Acute Fang,1,-,-,-,-
Kunafa Sash α,Kunafa α,Waist,6,44,1,1,4,1,1,-,1,-,Waistgear worn in the Windsong Village. The sash's patterns represent their hopes and prayers.,Speed Eating,2,Palico Rally,1,-,-,Imparted Wisdom,-,4000,Dalthydon Wool,1,Acute Fang,1,-,-,-,-
Kunafa Chaps α,Kunafa α,Legs,6,44,1,1,4,1,1,-,1,-,Leg armor worn in the Windsong Village. Handsome Dalthydon pelts keep the legs well protected.,Wide-Range,2,Palico Rally,1,-,-,Imparted Wisdom,-,4000,Dalthydon Wool,1,Talioth Scale+,2,-,-,-,-
Azuz Headdress α,Azuz α,Head,6,44,4,1,1,1,1,-,1,-,Headwear worn in the village of the Everforge. The hairpin's fine details speak to the Bonefolk's artistry.,Maximum Might,2,-,-,-,-,Imparted Wisdom,-,4000,Azuz Tanned Leather,1,Charred Oilbone,2,-,-,-,-
Azuz Apron α,Azuz α,Chest,6,44,4,1,1,1,1,2,-,-,Chest armor worn in the village of the Everforge. Large medallions denoting mastery are sewn on as reinforcement.,Heroics,3,-,-,-,-,Imparted Wisdom,-,4000,Azuz Tanned Leather,1,Firecell Stone,1,-,-,-,-
Azuz Pants α,Azuz α,Legs,6,44,4,1,1,1,1,2,1,-,"Legwear worn in the village of the Everforge. The rubbery, oil-based material is completely waterproof.",Geologist,3,-,-,-,-,Imparted Wisdom,-,4000,Azuz Tanned Leather,1,Firestone,2,-,-,-,-
Suja Sash α,Suja α,Waist,6,44,1,1,1,4,1,2,1,-,Waistgear worn in the Peaks of Accord. A ritual blade hangs at the sash as blessed protection.,Divine Blessing,3,-,-,-,-,Imparted Wisdom,-,4000,Suja Textiles,3,Fucium Ore,5,-,-,-,-
Sild Hood α,Sild α,Head,6,44,1,1,1,1,4,2,1,-,"A hood worn in the Keepers' Vigil. The cocoon-like fibers afford solid protection, and breathe well too.",Botanist,3,-,-,-,-,Imparted Wisdom,-,4000,Sild Cotton,2,Guardian Seikret Feather+,3,-,-,-,-
Sild Coat α,Sild α,Chest,6,44,1,1,1,1,4,-,1,-,"A coat worn in the Keepers' Vigil. Thick, but also extremely light so as not to impede their daily work.",Wide-Range,4,-,-,-,-,Imparted Wisdom,-,4000,Sild Cotton,2,Guardian Seikret Feather+,3,-,-,-,-
Death Stench Brain α,Death Stench α,Head,6,44,3,2,-2,3,4,-,1,-,"Accursed armor, said to bring death. The wearer hears echoes of their victim's death throes.",Resentment,1,Ambush,1,-,-,Imparted Wisdom,-,4000,Sinister Cloth,1,Wingdrake Hide+,1,Quality Bone,1,-,-
Death Stench Muscle α,Death Stench α,Chest,6,44,3,2,-2,3,4,-,1,-,Armor said to bring death. Unworldly light and penetratingly cold.,Resentment,1,Ambush,1,-,-,Imparted Wisdom,-,4000,Sinister Cloth,1,Wingdrake Hide+,1,Quality Bone,1,-,-
Death Stench Grip α,Death Stench α,Arms,6,44,3,2,-2,3,4,-,1,-,Armor drenched in the stench of decay and a sensation as if the god of death resides within.,Resentment,1,Ambush,1,-,-,Imparted Wisdom,-,4000,Sinister Cloth,1,Wingdrake Hide+,1,Quality Bone,1,-,-
Death Stench Bowels α,Death Stench α,Waist,6,44,3,2,-2,3,4,1,1,-,"This gear gives off a stench of decay, as though death's aroma permeates the air around you...",Intimidator,2,Resentment,1,-,-,Imparted Wisdom,-,4000,Sinister Cloth,1,Herbivore Carapace,1,Colossal Bone,1,-,-
Death Stench Heel α,Death Stench α,Legs,6,44,3,2,-2,3,4,1,1,-,Modeled on the god of death. Hearing the black footsteps means your time has come.,Stun Resistance,2,Resentment,1,-,-,Imparted Wisdom,-,4000,Sinister Cloth,1,Herbivore Carapace,1,Colossal Bone,1,-,-
Butterfly Vertex α,Butterfly α,Head,6,44,-1,-1,2,0,2,-,1,-,Dazzling armor made from insect parts. Its light weight and color are proof of one's class.,Constitution,1,Evade Window,1,Evade Extender,1,Imparted Wisdom,-,4000,Great Hornfly,1,Vespoid Innerwing,1,Monster Broth,1,-,-
Butterfly Thorax α,Butterfly α,Chest,6,44,-1,-1,2,0,2,-,1,-,Dazzling armor made from insect parts. The wearer's every movement exudes elegance.,Constitution,1,Evade Window,1,Evade Extender,1,Imparted Wisdom,-,4000,Great Hornfly,1,Vespoid Innerwing,1,Monster Broth,1,-,-
Butterfly Brachia α,Butterfly α,Arms,6,44,-1,-1,2,0,2,-,1,-,Dazzling armor made from insect parts. The gorgeous material has a lovely silky feel to it.,Recovery Speed,2,Constitution,1,Evade Window,1,Imparted Wisdom,-,4000,Great Hornfly,1,Vespoid Innerwing,1,Monster Broth,1,-,-
Butterfly Elytra α,Butterfly α,Waist,6,44,-1,-1,2,0,2,-,1,-,Dazzling armor made from insect parts. It radiates style akin to that of nobility.,Constitution,1,Evade Window,1,Evade Extender,1,Imparted Wisdom,-,4000,Great Hornfly,1,Vespoid Innerwing,1,Monster Broth,1,-,-
Butterfly Crura α,Butterfly α,Legs,6,44,-1,-1,2,0,2,-,1,-,Dazzling armor made from insect parts. Its light weight and color are proof of one's class.,Recovery Up,2,Constitution,1,Evade Window,1,Imparted Wisdom,-,4000,Great Hornfly,1,Vespoid Innerwing,1,Monster Broth,1,-,-
King Beetle Vertex α,King Beetle α,Head,6,44,-1,-1,2,0,2,-,1,-,Armor to fulfill the ambitions of those who dreamed of wielding the power to rule over bugdom.,Heroics,1,Foray,1,Sleep Resistance,1,Imparted Wisdom,-,4000,Great Hornfly,1,Vespoid Carapace,1,Monster Broth,1,-,-
King Beetle Thorax α,King Beetle α,Chest,6,44,-1,-1,2,0,2,-,1,-,Chest armor so tough it's hard to believe that it's made from insect parts.,Heroics,1,Foray,1,Paralysis Resistance,1,Imparted Wisdom,-,4000,Great Hornfly,1,Vespoid Carapace,1,Monster Broth,1,-,-
King Beetle Brachia α,King Beetle α,Arms,6,44,-1,-1,2,0,2,-,1,-,Armor to fulfill the ambitions of those who dreamed of wielding the power to rule over bug-kind.,Heroics,1,Foray,1,Poison Resistance,1,Imparted Wisdom,-,4000,Great Hornfly,1,Vespoid Carapace,1,Monster Broth,1,-,-
King Beetle Elytra α,King Beetle α,Waist,6,44,-1,-1,2,0,2,-,1,-,Waistgear made from insect materials. Wearers resemble a black bullet when running.,Heroics,1,Flayer,1,Paralysis Resistance,1,Imparted Wisdom,-,4000,Great Hornfly,1,Vespoid Carapace,1,Monster Broth,1,-,-
King Beetle Crura α,King Beetle α,Legs,6,44,-1,-1,2,0,2,-,1,-,Armor so perfect that one could get tread upon by a wyvern and not even flinch.,Heroics,1,Flayer,1,Poison Resistance,1,Imparted Wisdom,-,4000,Great Hornfly,1,Vespoid Carapace,1,Monster Broth,1,-,-
High Metal Helm α,High Metal α,Head,6,44,0,-1,-2,3,0,-,1,-,"Armor made from a generous portion of ore. Don't worry, it breathes surprisingly well.",Stun Resistance,3,Partbreaker,1,-,-,Imparted Wisdom,-,4000,Drearisite Scraps,1,Carbalite Ore,1,Kranodath Skull+,1,-,-
High Metal Mail α,High Metal α,Chest,6,44,0,-1,-2,3,0,-,1,-,Armor made from a generous portion of ore. Can repel even the fiercest blows.,Iron Skin,3,Partbreaker,1,-,-,Imparted Wisdom,-,4000,Drearisite Scraps,1,Carbalite Ore,1,Kranodath Skull+,1,-,-
High Metal Bracers α,High Metal α,Arms,6,44,0,-1,-2,3,0,-,1,-,Armor made from a generous portion of ore. Ordinary attacks won't even scratch it!,Blast Resistance,3,Partbreaker,1,-,-,Imparted Wisdom,-,4000,Drearisite Scraps,1,Carbalite Ore,1,Charred Oilbone,1,-,-
High Metal Coil α,High Metal α,Waist,6,44,0,-1,-2,3,0,-,1,-,Armor made from a generous portion of ore. Has multiple layers for extra protection.,Bombardier,3,Aquatic/Oilsilt Mobility,2,-,-,Imparted Wisdom,-,4000,Drearisite Scraps,1,Carbalite Ore,1,Charred Oilbone,1,-,-
High Metal Greaves α,High Metal α,Legs,6,44,0,-1,-2,3,0,-,1,-,Armor made from a generous portion of ore. Renowned for its ability to withstand monster attacks.,Bleeding Resistance,3,Flinch Free,3,-,-,Imparted Wisdom,-,4000,Drearisite Scraps,1,Carbalite Ore,1,Kranodath Skull+,1,-,-
Battle Helm α,Battle α,Head,6,44,2,-1,-1,0,0,-,1,-,"Head armor designed for seasoned hunters. They say it must be earned, so novices dare not wear it.",Stamina Surge,2,-,-,-,-,Imparted Wisdom,-,4000,Scarred Scale,1,Blango Pelt+,1,Frozen Icebone,1,-,-
Battle Mail α,Battle α,Chest,6,44,2,-1,-1,0,0,-,1,-,"Chest armor designed for seasoned hunters. Stylish, useful, and solid protection - it checks all the boxes",Hunger Resistance,3,Sleep Resistance,3,-,-,Imparted Wisdom,-,4000,Scarred Scale,1,Colossal Bone,1,Frozen Icebone,1,-,-
Battle Vambraces α,Battle α,Arms,6,44,2,-1,-1,0,0,-,1,-,"Armguards designed for seasoned hunters. Highly utile, with extra consideration given to mobility",Free Meal,3,-,-,-,-,Imparted Wisdom,-,4000,Scarred Scale,1,Colossal Bone,1,Frozen Icebone,1,-,-
Battle Coil α,Battle α,Waist,6,44,2,-1,-1,0,0,-,1,-,"Waistgear designed for seasoned hunters. The striking design offers a light, functional build.",Item Prolonger,3,Bind Resistance,2,-,-,Imparted Wisdom,-,4000,Scarred Scale,1,Colossal Bone,1,Dragonbone Relic,1,-,-
Battle Greaves α,Battle α,Legs,6,44,2,-1,-1,0,0,-,1,-,Leg armor designed for seasoned hunters. No compromises were made for this sought-after masterpiece.,Marathon Runner,3,Constitution,2,-,-,Imparted Wisdom,-,4000,Scarred Scale,1,Blango Pelt+,1,Frozen Icebone,1,-,-
Melahoa Hat α,Melahoa α,Head,6,44,0,1,3,0,0,-,1,-,Fragrant head protection that instills a deep longing to return to the old days.,Survival Expert,3,Poison Resistance,2,-,-,Imparted Wisdom,-,4000,Great Hibiscus,1,Guardian Seikret Feather+,1,Lightcrystal,1,-,-
Melahoa Jacket α,Melahoa α,Chest,6,44,0,1,3,0,0,-,1,-,Fragrant chest armor that brings tears to the wearer's eyes as they cannot help remembering the past.,Tool Specialist,3,-,-,-,-,Imparted Wisdom,-,4000,Great Hibiscus,1,Guardian Seikret Feather+,1,Lightcrystal,1,-,-
Melahoa Branch α,Melahoa α,Arms,6,44,0,1,3,0,0,-,1,-,Fragrant armguards with pastel coloring and a nostalgic scent that tug at an aging hunter's heart.,Recovery Speed,3,Paralysis Resistance,2,-,-,Imparted Wisdom,-,4000,Great Hibiscus,1,Guardian Seikret Feather+,1,Lightcrystal,1,-,-
Melahoa Folia α,Melahoa α,Waist,6,44,0,1,3,0,0,-,1,-,Fragrant waistgear that is silky to the touch. Its sweet scent reminds hunters of times gone by.,Recovery Up,3,Bleeding Resistance,2,-,-,Imparted Wisdom,-,4000,Great Hibiscus,1,Guardian Seikret Feather+,1,Lightcrystal,1,-,-
Melahoa Roots α,Melahoa α,Legs,6,44,0,1,3,0,0,-,1,-,"Fragrant leg armor that could intoxicate even a wyvern with its sweet, wafting aroma.",Mushroomancer,3,-,-,-,-,Imparted Wisdom,-,4000,Great Hibiscus,1,Guardian Seikret Feather+,1,Lightcrystal,1,-,-
Artian Helm α,Artian α,Head,6,44,1,-2,-2,2,3,1,1,-,Head armor made of eldritch scraps. Artisans debated its design for seven nights.,Flayer,1,Earplugs,1,-,-,Guardian's Protection,-,4000,Gracium,5,Frenzy Crystal,1,Novacrystal,1,-,-
Artian Mail α,Artian α,Chest,6,44,1,-2,-2,2,3,2,1,-,"Chest armor made from eldritch scraps, which even the Smithy struggled with.",Flayer,1,Adaptability,1,-,-,Guardian's Protection,-,4000,Gracium,5,Frenzy Shard,2,Earth Crysal,10,-,-
Artian Vambraces α,Artian α,Arms,6,44,1,-2,-2,2,3,-,1,-,Arm guards made from eldritch scraps. Unlocking its potential took patience.,Blight Resistance,2,Flayer,1,-,-,Guardian's Protection,-,4000,Gracium,5,Frenzy Crystal,1,Dragonbone Relic,1,-,-
Artian Coil α,Artian α,Waist,6,44,1,-2,-2,2,3,-,1,-,Waistgear made from eldritch scraps. Its original purpose remains a mystery.,Windproof,2,Flayer,1,-,-,Guardian's Protection,-,4000,Gracium,5,Frenzy Shard,2,Firecell Stone,1,-,-
Artian Greaves α,Artian α,Legs,6,44,1,-2,-2,2,3,-,1,-,Leg armor made from eldritch scraps. Wearing it bestows tremendous power.,Tremor Resistance,2,Flayer,1,-,-,Guardian's Protection,-,4000,Gracium,5,Frenzy Crystal,1,Guardian Blood+,9,-,-
Dober Helm α,Dober α,Head,7,56,-2,0,-1,-1,4,-,-,1,Head armor fashioned from obsidian bone of unknown provenance. It resembles an all-powerful monster.,Constitution,1,Stamina Surge,1,-,-,-,-,6000,Monster Hardbone,3,Colossal Bone,4,Charred Oilbone,3,-,-
Dober Mail α,Dober α,Chest,7,56,-2,0,-1,-1,4,-,1,1,Chest armor fashioned from obsidian bone of unknown provenance. It resembles an all-powerful monster.,Constitution,1,Marathon Runner,1,-,-,-,-,6000,Monster Hardbone,3,Colossal Bone,4,Dragonbone Relic,7,-,-
Dober Vambraces α,Dober α,Arms,7,56,-2,0,-1,-1,4,-,-,1,"Armguards made of unknown black bones, which surely belonged to a mighty beast.",Stamina Surge,2,Constitution,1,-,-,-,-,6000,Monster Hardbone,4,Stoutbone,4,Tough Guardian Bone,3,Rath Medulla,1
Dober Coil α,Dober α,Waist,7,56,-2,0,-1,-1,4,1,-,1,"Waistgear made of unknown black bones, perhaps from an ancient dragon king.",Marathon Runner,2,Constitution,1,-,-,-,-,6000,Monster Hardbone,4,Monster Keenbone,4,Frozen Icebone,3,Ajarakan Medulla,1
Dober Greaves α,Dober α,Legs,7,56,-2,0,-1,-1,4,-,2,-,Leg armor fashioned from obsidian bone of unknown provenance. It resembles an all-powerful monster.,Mushroomancer,2,Constitution,1,-,-,-,-,6000,Monster Hardbone,5,Great Stoutbone,4,Quality Bone,3,Gravios Medulla,1
Damascus Helm α,Damascus α,Head,7,56,4,-2,0,0,0,1,-,1,A steel helmet of precious origin and rare manufacture that is said to lead the wearer to glory.,Divine Blessing,2,Wide-Range,1,-,-,-,-,6000,Fucium Ore,4,Guardian Pelt+,3,Frenzy Shard,3,Bird Wyvern Gem,1
Damascus Mail α,Damascus α,Chest,7,56,4,-2,0,0,0,-,2,-,Steel chest armor capable of stopping a thousand arrows as it leads the wearer to glory.,Recovery Up,2,Wide-Range,1,-,-,-,-,6000,Fucium Ore,5,Guardian Blood+,2,Carbalite Ore,5,Wyvern Gem,1
Damascus Vambraces α,Damascus α,Arms,7,56,4,-2,0,0,0,1,-,1,Steel armor said to lead its wearer to glory. Once thought to be mythical.,Wide-Range,1,Divine Blessing,1,-,-,-,-,6000,Fucium Ore,4,Guardian Pelt+,4,Gracium,4,Beast Gem,1
Damascus Coil α,Damascus α,Waist,7,56,4,-2,0,0,0,-,1,1,Steel waistgear said to lead its wearer to glory. Rarely glimpsed in a lifetime.,Wide-Range,1,Recovery Up,1,-,-,-,-,6000,Fucium Ore,3,Guardian Scale+,4,Novacrystal,1,-,-
Damascus Greaves α,Damascus α,Legs,7,56,4,-2,0,0,0,-,-,1,This legendary steel armor is said to lead its wearer down the conqueror's path.,Item Prolonger,2,Wide-Range,1,-,-,-,-,6000,Fucium Ore,3,Guardian Scale+,3,Firecell Stone,1,-,-
Dahaad Shardhelm α,Dahaad α,Head,7,60,-3,2,-1,2,-1,1,-,-,Jin Dahaad hear armor modelled after the helm of a member of a lost kingdom's royalty. It evokes the royal's icy gaze.,Weakness Exploit,1,Agitator,1,-,-,Lord's Favor,Jin Dahaad's Revolt,7000,Jin Dahaad Certificate S,2,Jin Dahaad Scale+,3,Jin Dahaad Claw+,4,Wyvern Gem,1
Dahaad Shardmail α,Dahaad α,Chest,7,60,-3,2,-1,2,-1,1,-,1,Jin Dahaad chest armor. The layered plates repel all pain and nurture an icy vengeance.,Bind Resistance,2,Adaptability,1,-,-,Lord's Favor,Jin Dahaad's Revolt,7000,Jin Dahaad Scale+,5,Jin Dahaad Carapace,6,Jin Dahaad Iceplate,3,Monster Hardbone,3
Dahaad Shardbraces α,Dahaad α,Arms,7,60,-3,2,-1,2,-1,-,-,-,"Jin Dahaad armguards. Directly rejecting warmth, they freeze everything they touch.",Agitator,2,Adaptability,1,-,-,Lord's Favor,Jin Dahaad's Revolt,7000,Jin Dahaad Certificate S,1,Jin Dahaad Carapace,5,Jin Dahaad Claw+,4,Gracium,3
Dahaad Shardcoil α,Dahaad α,Waist,7,60,-3,2,-1,2,-1,2,-,-,Jin Dahaad waistgear. The ornate design recalls the majesty of a lost dynasty.,Tremor Resistance,2,Weakness Exploit,1,-,-,Lord's Favor,Jin Dahaad's Revolt,7000,Jin Dahaad Iceplate,2,Jin Dahaad Horn,3,Jin Dahaad Icegem,1,Freezer Sac,3
Dahaad Shardgreaves α,Dahaad α,Legs,7,60,-3,2,-1,2,-1,1,-,-,Jin Dahaad leg armor. Every footfall coats the earth in spiderwebs of ice.,Agitator,2,Tremor Resistance,1,-,-,Lord's Favor,Jin Dahaad's Revolt,7000,Jin Dahaad Scale+,6,Jin Dahaad Iceplate,4,Jin Dahaad Horn,2,Comaqchi Carapace,2
Dahaad Shardhelm β,Dahaad β,Head,7,60,-3,2,-1,2,-1,-,2,-,Jin Dahaad hear armor modelled after the helm of a member of a lost kingdom's royalty. It evokes the royal's icy gaze.,Agitator,1,-,-,-,-,Lord's Fury,Jin Dahaad's Revolt,7000,Jin Dahaad Certificate S,2,Jin Dahaad Scale+,3,Jin Dahaad Claw+,4,Wyvern Gem,1
Dahaad Shardmail β,Dahaad β,Chest,7,60,-3,2,-1,2,-1,-,1,1,Jin Dahaad chest armor. The layered plates repel all pain and nurture an icy vengeance.,Bind Resistance,1,Adaptability,1,-,-,Lord's Fury,Jin Dahaad's Revolt,7000,Jin Dahaad Scale+,5,Jin Dahaad Carapace,6,Jin Dahaad Iceplate,3,Monster Hardbone,3
Dahaad Shardbraces β,Dahaad β,Arms,7,60,-3,2,-1,2,-1,-,-,1,"Jin Dahaad armguards. Directly rejecting warmth, they freeze everything they touch.",Agitator,1,Adaptability,1,-,-,Lord's Fury,Jin Dahaad's Revolt,7000,Jin Dahaad Certificate S,1,Jin Dahaad Carapace,5,Jin Dahaad Claw+,4,Gracium,3
Dahaad Shardcoil β,Dahaad β,Waist,7,60,-3,2,-1,2,-1,3,-,-,Jin Dahaad waistgear. The ornate design recalls the majesty of a lost dynasty.,Weakness Exploit,1,Tremor Resistance,1,-,-,Lord's Fury,Jin Dahaad's Revolt,7000,Jin Dahaad Iceplate,2,Jin Dahaad Horn,3,Jin Dahaad Icegem,1,Freezer Sac,3
Dahaad Shardgreaves β,Dahaad β,Legs,7,60,-3,2,-1,2,-1,-,1,-,Jin Dahaad leg armor. Every footfall coats the earth in spiderwebs of ice.,Agitator,2,-,-,-,-,Lord's Fury,Jin Dahaad's Revolt,7000,Jin Dahaad Scale+,6,Jin Dahaad Iceplate,4,Jin Dahaad Horn,2,Comaqchi Carapace,2
Duna Wildhelm α,Uth Duna α,Head,7,60,-1,4,-3,0,0,1,1,-,Uth Duna head armor. The plumage crafted from its fins convey the forest's will to the wearer.,Tool Specialist,2,Earplugs,1,-,-,Lord's Favor,Uth Duna's Cover,7000,Uth Duna Certificate S,1,Uth Duna Scale+,4,Uth Duna Cilia+,4,Uth Duna Watergem,1
Duna Wildmail α,Uth Duna α,Chest,7,60,-1,4,-3,0,0,-,-,1,Uth Duna chest armor. The tightly fitted scales make the wearer feel as if they are one with nature.,Tool Specialist,2,Aquatic/Oilsilt Mobility,1,-,-,Lord's Favor,Uth Duna's Cover,7000,Uth Duna Scale+,6,Uth Duna Hide+,6,Uth Duna Cilia+,3,Torrent Sac,3
Duna Wildbraces α,Uth Duna α,Arms,7,60,-1,4,-3,0,0,1,1,-,Uth Duna armguards. The rows of stone beading are an elegant touch that boosts concentration.,Peak Performance,2,Quick Sheathe,1,-,-,Lord's Favor,Uth Duna's Cover,7000,Uth Duna Scale+,5,Uth Duna Cilia+,3,Uth Duna Claw+,3,Monster Hardbone,2
Duna Wildcoil α,Uth Duna α,Waist,7,60,-1,4,-3,0,0,1,1,-,"Uth Duna waistgear. The fabric is imbued with the breath of the forest, absorbing any impact.",Peak Performance,2,Aquatic/Oilsilt Mobility,1,-,-,Lord's Favor,Uth Duna's Cover,7000,Uth Duna Certificate S,2,Uth Duna Tentacle+,2,Uth Duna Claw+,5,Uth Duna Plate,1
Duna Wildgreaves α,Uth Duna α,Legs,7,60,-1,4,-3,0,0,-,-,1,Elaborately patterned Uth Duna leg armor. The design is said to invoke the forest's protection.,Peak Performance,1,Tool Specialist,1,-,-,Lord's Favor,Uth Duna's Cover,7000,Uth Duna Certificate S,2,Uth Duna Hide+,5,Uth Duna Tentacle+,4,Piragill Fin+,4
Duna Wildhelm β,Uth Duna β,Head,7,60,-1,4,-3,0,0,-,1,1,Uth Duna head armor. The plumage crafted from its fins convey the forest's will to the wearer.,Tool Specialist,1,Earplugs,1,-,-,Lord's Fury,Uth Duna's Cover,7000,Uth Duna Certificate S,1,Uth Duna Scale+,4,Uth Duna Cilia+,4,Uth Duna Watergem,1
Duna Wildmail β,Uth Duna β,Chest,7,60,-1,4,-3,0,0,1,-,1,Uth Duna chest armor. The tightly fitted scales make the wearer feel as if they are one with nature.,Tool Specialist,2,-,-,-,-,Lord's Fury,Uth Duna's Cover,7000,Uth Duna Scale+,6,Uth Duna Hide+,6,Uth Duna Cilia+,3,Torrent Sac,3
Duna Wildbraces β,Uth Duna β,Arms,7,60,-1,4,-3,0,0,2,-,1,Uth Duna armguards. The rows of stone beading are an elegant touch that boosts concentration.,Peak Performance,1,Quick Sheathe,1,-,-,Lord's Fury,Uth Duna's Cover,7000,Uth Duna Scale+,5,Uth Duna Cilia+,3,Uth Duna Claw+,3,Monster Hardbone,2
Duna Wildcoil β,Uth Duna β,Waist,7,60,-1,4,-3,0,0,1,-,1,"Uth Duna waistgear. The fabric is imbued with the breath of the forest, absorbing any impact.",Peak Performance,2,-,-,-,-,Lord's Fury,Uth Duna's Cover,7000,Uth Duna Certificate S,2,Uth Duna Tentacle+,2,Uth Duna Claw+,5,Uth Duna Plate,1
Duna Wildgreaves β,Uth Duna β,Legs,7,60,-1,4,-3,0,0,2,-,1,Elaborately patterned Uth Duna leg armor. The design is said to invoke the forest's protection.,Peak Performance,1,-,-,-,-,Lord's Fury,Uth Duna's Cover,7000,Uth Duna Certificate S,2,Uth Duna Hide+,5,Uth Duna Tentacle+,4,Piragill Fin+,4
Rey Sandhelm α,Rey Dau α,Head,7,60,0,-2,4,-3,0,-,-,-,Rey Dau head armor. Its crest reaches the heavens—proof that this creature bows to no one.,Latent Power,2,Evade Extender,1,-,-,Lord's Favor,Rey Dau's Voltage,7000,Rey Dau Certificate S,2,Rey Dau Carapace,5,Rey Dau Bolthorn,4,Bulaqchi Carapace,2
Rey Sandmail α,Rey Dau α,Chest,7,60,0,-2,4,-3,0,2,-,-,Rey Dau chest armor. Its carapace has been meticulously paneled into a bastion of defense.,Maximum Might,2,Stamina Surge,1,-,-,Lord's Favor,Rey Dau's Voltage,7000,Rey Dau Certificate S,2,Rey Dau Bolthorn,2,Rey Dau Tail,2,Rey Dau Plate,1
Rey Sandbraces α,Rey Dau α,Arms,7,60,0,-2,4,-3,0,-,1,-,Rey Dau armguards. A lingering charges gives the wearer a grip like a vice.,Latent Power,2,Stun Resistance,1,-,-,Lord's Favor,Rey Dau's Voltage,7000,Rey Dau Certificate S,1,Rey Dau Fulgurtalon,2,Rey Dau Scale+,3,Rey Dau Boltgem,1
Rey Sandcoil α,Rey Dau α,Waist,7,60,0,-2,4,-3,0,-,1,-,Rey Dau waistgear. The faintly glowing buckle inspires awe and respect.,Stun Resistance,2,Stamina Surge,2,-,-,Lord's Favor,Rey Dau's Voltage,7000,Rey Dau Scale+,5,Rey Dau Carapace,6,Rey Dau Fulgurtalon,3,Monster Hardbone,3
Rey Sandgreaves α,Rey Dau α,Legs,7,60,0,-2,4,-3,0,-,-,1,Rey Dau leg armor. A layer of latent electricity cushions blows and softens landings.,Latent Power,1,Maximum Might,1,-,-,Lord's Favor,Rey Dau's Voltage,7000,Rey Dau Scale+,6,Rey Dau Fulgurtalon,4,Rey Dau Bolthorn,3,Lightcrystal,3
Rey Sandhelm β,Rey Dau β,Head,7,60,0,-2,4,-3,0,-,-,1,Rey Dau head armor. Its crest reaches the heavens—proof that this creature bows to no one.,Latent Power,1,Evade Extender,1,-,-,Lord's Fury,Rey Dau's Voltage,7000,Rey Dau Certificate S,2,Rey Dau Carapace,5,Rey Dau Bolthorn,4,Bulaqchi Carapace,2
Rey Sandmail β,Rey Dau β,Chest,7,60,0,-2,4,-3,0,2,1,-,Rey Dau chest armor. Its carapace has been meticulously paneled into a bastion of defense.,Maximum Might,1,Stamina Surge,1,-,-,Lord's Fury,Rey Dau's Voltage,7000,Rey Dau Certificate S,2,Rey Dau Bolthorn,2,Rey Dau Tail,2,Rey Dau Plate,1
Rey Sandbraces β,Rey Dau β,Arms,7,60,0,-2,4,-3,0,-,-,1,Rey Dau armguards. A lingering charges gives the wearer a grip like a vice.,Latent Power,2,-,-,-,-,Lord's Fury,Rey Dau's Voltage,7000,Rey Dau Certificate S,1,Rey Dau Fulgurtalon,2,Rey Dau Scale+,3,Rey Dau Boltgem,1
Rey Sandcoil β,Rey Dau β,Waist,7,60,0,-2,4,-3,0,1,-,1,Rey Dau waistgear. The faintly glowing buckle inspires awe and respect.,Stun Resistance,2,Stamina Surge,1,-,-,Lord's Fury,Rey Dau's Voltage,7000,Rey Dau Scale+,5,Rey Dau Carapace,6,Rey Dau Fulgurtalon,3,Monster Hardbone,3
Rey Sandgreaves β,Rey Dau β,Legs,7,60,0,-2,4,-3,0,2,-,1,Rey Dau leg armor. A layer of latent electricity cushions blows and softens landings.,Latent Power,1,-,-,-,-,Lord's Fury,Rey Dau's Voltage,7000,Rey Dau Scale+,6,Rey Dau Fulgurtalon,4,Rey Dau Bolthorn,3,Lightcrystal,3
Udra Mirehelm α,Nu Udra α,Head,7,60,5,-4,0,1,0,2,-,-,Nu Udra head armor. The world through this mask is swathed in vengeance and ebony fire.,Resentment,2,Counterstrike,1,-,-,Lord's Favor,Nu Udra's Mutiny,7000,Nu Udra Hide+,6,Nu Udra Spike+,6,Nu Udra Oilmucus+,3,Dragonbone Relic,1
Udra Miremail α,Nu Udra α,Chest,7,60,5,-4,0,1,0,2,-,-,"Nu Udra chest armor. As if a curse manifested, tentacles drape down to form a haunting cape.",Resentment,1,Burst,1,-,-,Lord's Favor,Nu Udra's Mutiny,7000,Nu Udra Certificate S,2,Nu Udra Tentacle+,4,Nu Udra Horn+,5,Nu Udra Cerebospinal Fluid,1
Udra Mirebraces α,Nu Udra α,Arms,7,60,5,-4,0,1,0,-,1,-,"Chilling Nu Udra armguards. They warp one's sense of touch, changing warmth to cold nothingness.",Counterstrike,2,Speed Eating,2,-,-,Lord's Favor,Nu Udra's Mutiny,7000,Nu Udra Certificate S,2,Nu Udra Spike+,5,Nu Udra Tentacle+,4,Kranodath Skull+,2
Udra Mirecoil α,Nu Udra α,Waist,7,60,5,-4,0,1,0,-,1,-,Nu Udra waistgear. The gnash of spikes and fangs are bound by a personalized curse.,Resentment,2,Speed Eating,1,-,-,Lord's Favor,Nu Udra's Mutiny,7000,Nu Udra Hide+,5,Nu Udra Oilmucus+,3,Nu Udra Horn+,3,Inferno Sac,2
Udra Miregreaves α,Nu Udra α,Legs,7,60,5,-4,0,1,0,-,-,1,Nu Udra leg armor. The wearer could cross a sea of fire without so much as a blister.,Windproof,2,Burst,1,-,-,Lord's Favor,Nu Udra's Mutiny,7000,Nu Udra Certificate S,1,Nu Udra Hide+,4,Nu Udra Oilmucus+,4,Nu Udra Flamegem,1
Udra Mirehelm β,Nu Udra β,Head,7,60,5,-4,0,1,0,-,2,-,Nu Udra head armor. The world through this mask is swathed in vengeance and ebony fire.,Resentment,1,Counterstrike,1,-,-,Lord's Fury,Nu Udra's Mutiny,7000,Nu Udra Hide+,6,Nu Udra Spike+,6,Nu Udra Oilmucus+,3,Dragonbone Relic,1
Udra Miremail β,Nu Udra β,Chest,7,60,5,-4,0,1,0,2,-,1,"Nu Udra chest armor. As if a curse manifested, tentacles drape down to form a haunting cape.",Resentment,1,-,-,-,-,Lord's Fury,Nu Udra's Mutiny,7000,Nu Udra Certificate S,2,Nu Udra Tentacle+,4,Nu Udra Horn+,5,Nu Udra Cerebospinal Fluid,1
Udra Mirebraces β,Nu Udra β,Arms,7,60,5,-4,0,1,0,1,-,1,"Chilling Nu Udra armguards. They warp one's sense of touch, changing warmth to cold nothingness.",Speed Eating,2,Counterstrike,1,-,-,Lord's Fury,Nu Udra's Mutiny,7000,Nu Udra Certificate S,2,Nu Udra Spike+,5,Nu Udra Tentacle+,4,Kranodath Skull+,2
Udra Mirecoil β,Nu Udra β,Waist,7,60,5,-4,0,1,0,-,-,1,Nu Udra waistgear. The gnash of spikes and fangs are bound by a personalized curse.,Resentment,2,-,-,-,-,Lord's Fury,Nu Udra's Mutiny,7000,Nu Udra Hide+,5,Nu Udra Oilmucus+,3,Nu Udra Horn+,3,Inferno Sac,2
Udra Miregreaves β,Nu Udra β,Legs,7,60,5,-4,0,1,0,1,-,1,Nu Udra leg armor. The wearer could cross a sea of fire without so much as a blister.,Burst,1,Windproof,1,-,-,Lord's Fury,Nu Udra's Mutiny,7000,Nu Udra Certificate S,1,Nu Udra Hide+,4,Nu Udra Oilmucus+,4,Nu Udra Flamegem,1
Gore Helm α,Gore α,Head,7,60,-2,3,-1,2,-1,-,1,-,A helmet made from Gore Magala spoils. The nether-black surface thrums with its late master's power.,Evade Window,2,Coalescence,1,-,-,Scaling Prowess,Gore Magala's Tyranny,7000,Gore Magala Certificate S,2,Gore Magala Feeler+,2,Gore Magala Wing+,4,Wyvern Gem,1
Gore Mail α,Gore α,Chest,7,60,-2,3,-1,2,-1,-,-,1,Chest armor made from Gore Magala spoils. Its agonizing miasma sends prey screaming to the netherworld.,Evade Window,2,Antivirus,1,-,-,Scaling Prowess,Gore Magala's Tyranny,7000,Gore Magala Scale+,6,Gore Magala Carapace,6,Gore Magala Ripclaw+,2,Gore Magala Tail,2
Gore Vambraces α,Gore α,Arms,7,60,-2,3,-1,2,-1,1,1,-,Armguards made from Gore Magala materials. Even the largest prey will be drawn into oblivion.,Constitution,2,Evade Window,1,-,-,Scaling Prowess,Gore Magala's Tyranny,7000,Gore Magala Certificate S,2,Gore Magala Carapace,5,Gore Magala Feeler+,2,Frenzy Crystal,2
Gore Coil α,Gore α,Waist,7,60,-2,3,-1,2,-1,1,-,1,Waistgear made from Gore Magala materials. Darkens the world and seduces prey toward certain demise.,Constitution,2,Antivirus,1,-,-,Scaling Prowess,Gore Magala's Tyranny,7000,Gore Magala Scale+,5,Gore Magala Ripclaw+,3,Gore Magala Wing+,3,Frenzy Crystal,2
Gore Greaves α,Gore α,Legs,7,60,-2,3,-1,2,-1,1,-,1,Leg armor made from Gore Magala materials. Spirits you across hunting grounds as fast as the wind.,Flinch Free,2,Antivirus,1,-,-,Scaling Prowess,Gore Magala's Tyranny,7000,Gore Magala Certificate S,1,Gore Magala Scale+,3,Gore Magala Wing+,4,Gore Magala Nyctgem,1
Gore Helm β,Gore β,Head,7,60,-2,3,-1,2,-1,1,-,1,A helmet made from Gore Magala spoils. The nether-black surface thrums with its late master's power.,Evade Window,1,Coalescence,1,-,-,Scale Layering,Gore Magala's Tyranny,7000,Gore Magala Certificate S,2,Gore Magala Feeler+,2,Gore Magala Wing+,4,Wyvern Gem,1
Gore Mail β,Gore β,Chest,7,60,-2,3,-1,2,-1,1,-,1,Chest armor made from Gore Magala spoils. Its agonizing miasma sends prey screaming to the netherworld.,Evade Window,2,-,-,-,-,Scale Layering,Gore Magala's Tyranny,7000,Gore Magala Scale+,6,Gore Magala Carapace,6,Gore Magala Ripclaw+,2,Gore Magala Tail,2
Gore Vambraces β,Gore β,Arms,7,60,-2,3,-1,2,-1,-,2,-,Armguards made from Gore Magala materials. Even the largest prey will be drawn into oblivion.,Constitution,1,Evade Window,1,-,-,Scale Layering,Gore Magala's Tyranny,7000,Gore Magala Certificate S,2,Gore Magala Carapace,5,Gore Magala Feeler+,2,Frenzy Crystal,2
Gore Coil β,Gore β,Waist,7,60,-2,3,-1,2,-1,-,1,1,Waistgear made from Gore Magala materials. Darkens the world and seduces prey toward certain demise.,Constitution,2,-,-,-,-,Scale Layering,Gore Magala's Tyranny,7000,Gore Magala Scale+,5,Gore Magala Ripclaw+,3,Gore Magala Wing+,3,Frenzy Crystal,2
Gore Greaves β,Gore β,Legs,7,60,-2,3,-1,2,-1,2,-,1,Leg armor made from Gore Magala materials. Spirits you across hunting grounds as fast as the wind.,Antivirus,1,Flinch Free,1,-,-,Scale Layering,Gore Magala's Tyranny,7000,Gore Magala Certificate S,1,Gore Magala Scale+,3,Gore Magala Wing+,4,Gore Magala Nyctgem,1
Arkvulcan Helm α,Arkveld α,Head,8,66,2,0,-1,0,-3,-,-,-,A helmet made from Arkveld spoils. The design was worn by a knight errant who reshaped the world.,Elemental Absorption,2,Convert Element,1,-,-,Fortifying Pelt,Arkveld's Hunger,10000,Arkveld Scale+,5,Arkveld Armorplate,3,White Arkveld Pelt,2,Arkveld Horn+,3
Arkvulcan Mail α,Arkveld α,Chest,8,66,2,0,-1,0,-3,-,1,-,Chest armor made from Arkveld spoils. The knight fearlessly broke the will of every adversary.,Weakness Exploit,1,Elemental Absorption,1,-,-,Fortifying Pelt,Arkveld's Hunger,10000,Arkveld Certificate S,2,Arkveld Scale+,3,Arkveld Armorplate,4,Arkveld Calloushell,4
Arkvulcan Vambraces α,Arkveld α,Arms,8,66,2,0,-1,0,-3,-,2,-,Armguards made from Arkveld spoils. Legions a hundred thousand strong succumbed before the knight.,Convert Element,1,Recovery Speed,1,-,-,Fortifying Pelt,Arkveld's Hunger,10000,Arkveld Certificate S,2,Arkveld Calloushell,3,Arkveld Horn+,2,Wyvern Gem,1
Arkvulcan Coil α,Arkveld α,Waist,8,66,2,0,-1,0,-3,1,-,-,"Waistgear made from Arkveld spoils. Until the kingdom was restored, the knight bowed before no hardship.",Weakness Exploit,2,Recovery Speed,2,-,-,Fortifying Pelt,Arkveld's Hunger,10000,Arkveld Certificate S,1,Arkveld Armorplate,3,White Arkveld Pelt,3,Arkveld Gem,1
Arkvulcan Greaves α,Arkveld α,Legs,8,66,2,0,-1,0,-3,1,1,-,Leg armor made from Arkveld spoils. No bloody war nor bitter loss could halt the knight's march to victory.,Quick Sheathe,2,Convert Element,1,-,-,Fortifying Pelt,Arkveld's Hunger,10000,Arkveld Scale+,6,Arkveld Armorplate,5,Arkveld Calloushell,2,Arkveld Tail,2
Arkvulcan Helm β,Arkveld β,Head,8,66,2,0,-1,0,-3,1,1,1,A helmet made from Arkveld spoils. The design was worn by a knight errant who reshaped the world.,Convert Element,1,-,-,-,-,Alluring Pelt,Arkveld's Hunger,10000,Arkveld Scale+,5,Arkveld Armorplate,3,White Arkveld Pelt,2,Arkveld Horn+,3
Arkvulcan Mail β,Arkveld β,Chest,8,66,2,0,-1,0,-3,-,1,1,Chest armor made from Arkveld spoils. The knight fearlessly broke the will of every adversary.,Weakness Exploit,1,-,-,-,-,Alluring Pelt,Arkveld's Hunger,10000,Arkveld Certificate S,2,Arkveld Scale+,3,Arkveld Armorplate,4,Arkveld Calloushell,4
Arkvulcan Vambraces β,Arkveld β,Arms,8,66,2,0,-1,0,-3,1,1,1,Armguards made from Arkveld spoils. Legions a hundred thousand strong succumbed before the knight.,Convert Element,1,-,-,-,-,Alluring Pelt,Arkveld's Hunger,10000,Arkveld Certificate S,2,Arkveld Calloushell,3,Arkveld Horn+,2,Wyvern Gem,1
Arkvulcan Coil β,Arkveld β,Waist,8,66,2,0,-1,0,-3,2,-,-,"Waistgear made from Arkveld spoils. Until the kingdom was restored, the knight bowed before no hardship.",Weakness Exploit,2,Recovery Speed,1,-,-,Alluring Pelt,Arkveld's Hunger,10000,Arkveld Certificate S,1,Arkveld Armorplate,3,White Arkveld Pelt,3,Arkveld Gem,1
Arkvulcan Greaves β,Arkveld β,Legs,8,66,2,0,-1,0,-3,1,-,1,Leg armor made from Arkveld spoils. No bloody war nor bitter loss could halt the knight's march to victory.,Convert Element,1,Quick Sheathe,1,-,-,Alluring Pelt,Arkveld's Hunger,10000,Arkveld Scale+,6,Arkveld Armorplate,5,Arkveld Calloushell,2,Arkveld Tail,2
G. Arkveld Helm α,Guardian Arkveld α,Head,8,66,2,0,-1,0,-4,2,-,-,Guardian Arkveld head armor. A host of heightened senses make up for the narrow view.,Partbreaker,2,Flayer,1,-,-,Guardian's Pulse,Guardian Arkveld's Vitality,10000,Hunter Symbol III,1,Arkveld Scale+,6,Guardian Pelt+,5,Uth Duna Watergem,1
G. Arkveld Mail α,Guardian Arkveld α,Chest,8,66,2,0,-1,0,-4,-,-,-,Guardian Arkveld chest armor. It beckons forth a shudder of indescribable power.,Flayer,2,Blight Resistance,2,-,-,Guardian's Pulse,Guardian Arkveld's Vitality,10000,Hunter Symbol III,1,White Arkveld Pelt,3,Arkveld Gem,1,Guardian Blood+,3
G. Arkveld Vambraces α,Guardian Arkveld α,Arms,8,66,2,0,-1,0,-4,1,-,-,Guardian Arkveld armguards. Instills the desire to tear at friend and foe alike.,Weakness Exploit,2,Blight Resistance,1,-,-,Guardian's Pulse,Guardian Arkveld's Vitality,10000,Hunter Symbol III,1,Arkveld Armorplate,6,White Arkveld Pelt,3,Jin Dahaad Icegem,1
G. Arkveld Coil α,Guardian Arkveld α,Waist,8,66,2,0,-1,0,-4,-,-,-,"Guardian Arkveld waistgear. The chains writhe subtly, eager to ensnare prey.",Flayer,2,Elemental Absorption,1,-,-,Guardian's Pulse,Guardian Arkveld's Vitality,10000,Hunter Symbol III,1,Arkveld Scale+,4,Arkveld Calloushell,4,Rey Dau Boltgem,1
G. Arkveld Greaves α,Guardian Arkveld α,Legs,8,66,2,0,-1,0,-4,-,-,-,"Guardian Arkveld leg armor. Their power grows with each relentless, hungry step.",Elemental Absorption,2,Weakness Exploit,1,-,-,Guardian's Pulse,Guardian Arkveld's Vitality,10000,Hunter Symbol III,1,Arkveld Armorplate,4,Guardian Scale+,5,Nu Udra Flamegem,1
G. Arkveld Helm β,Guardian Arkveld β,Head,8,66,2,0,-1,0,-4,1,-,1,Guardian Arkveld head armor. A host of heightened senses make up for the narrow view.,Flayer,1,Partbreaker,1,-,-,Guardian's Protection,Guardian Arkveld's Vitality,10000,Hunter Symbol III,1,Arkveld Scale+,6,Guardian Pelt+,5,Uth Duna Watergem,1
G. Arkveld Mail β,Guardian Arkveld β,Chest,8,66,2,0,-1,0,-4,-,-,1,Guardian Arkveld chest armor. It beckons forth a shudder of indescribable power.,Blight Resistance,2,Flayer,1,-,-,Guardian's Protection,Guardian Arkveld's Vitality,10000,Hunter Symbol III,1,White Arkveld Pelt,3,Arkveld Gem,1,Guardian Blood+,3
G. Arkveld Vambraces β,Guardian Arkveld β,Arms,8,66,2,0,-1,0,-4,3,-,-,Guardian Arkveld armguards. Instills the desire to tear at friend and foe alike.,Weakness Exploit,2,-,-,-,-,Guardian's Protection,Guardian Arkveld's Vitality,10000,Hunter Symbol III,1,Arkveld Armorplate,6,White Arkveld Pelt,3,Jin Dahaad Icegem,1
G. Arkveld Coil β,Guardian Arkveld β,Waist,8,66,2,0,-1,0,-4,1,1,-,"Guardian Arkveld waistgear. The chains writhe subtly, eager to ensnare prey.",Flayer,2,-,-,-,-,Guardian's Protection,Guardian Arkveld's Vitality,10000,Hunter Symbol III,1,Arkveld Scale+,4,Arkveld Calloushell,4,Rey Dau Boltgem,1
G. Arkveld Greaves β,Guardian Arkveld β,Legs,8,66,2,0,-1,0,-4,1,1,-,"Guardian Arkveld leg armor. Their power grows with each relentless, hungry step.",Weakness Exploit,1,Elemental Absorption,1,-,-,Guardian's Protection,Guardian Arkveld's Vitality,10000,Hunter Symbol III,1,Arkveld Armorplate,4,Guardian Scale+,5,Nu Udra Flamegem,1
Guild Ace Earrings α,Guild Ace α,Head,8,60,2,2,2,2,2,-,-,1,Head protection worn by an Astrum Unit hunter. Crafted with special protections exclusive to veterans.,Peak Performance,1,Constitution,1,Foray,1,-,-,8000,Hunter Symbol III,1,Fucium Ore,2,Guardian Pelt+,3,-,-
Guild Ace Mail α,Guild Ace α,Chest,8,60,2,2,2,2,2,-,-,1,"Chest armor worn by an Astrum Unit hunter. Looks plain, but is quite bespoke on closer inspection.",Peak Performance,1,Constitution,1,Foray,1,-,-,8000,Hunter Symbol III,1,Fucium Ore,2,Guardian Scale+,3,-,-
Guild Ace Vambraces α,Guild Ace α,Arms,8,60,2,2,2,2,2,-,-,1,Armguards worn by an Astrum Unit hunter. Primarily made of leather to make weapon handling a breeze.,Peak Performance,1,Constitution,1,Foray,1,-,-,8000,Hunter Symbol III,1,Fucium Ore,2,Carbalite Ore,5,-,-
Guild Ace Coil α,Guild Ace α,Waist,8,60,2,2,2,2,2,-,-,1,Waistgear worn by an Astrum Unit hunter. Ensures you can get what you need when you need it.,Peak Performance,1,Constitution,1,Foray,1,-,-,8000,Hunter Symbol III,1,Fucium Ore,2,Quality Bone,5,-,-
Guild Ace Boots α,Guild Ace α,Legs,8,60,2,2,2,2,2,-,-,1,Leg armor worn by an Astrum Unit hunter. The design was carefully calibrated to traverse any terrain.,Peak Performance,1,Constitution,1,Foray,1,-,-,8000,Hunter Symbol III,1,Fucium Ore,2,Guardian Blood+,3,-,-
Dragonking Eyepatch α,Dragonking α,Head,8,60,0,0,0,0,0,-,-,-,An accessory that instantly makes you look dashing and imposing. Bring out your budding dark side.,Counterstrike,3,-,-,-,-,-,-,8000,Hunter Symbol III,3,Guardian Blood+,3,Wyvern Gem,1,-,-
Mimiphyta α,Mimiphyta α,Head,5,36,-3,2,-2,2,2,1,-,-,A Mimiphyta plushie so closely reminiscent of the real flower that it attracts all sorts of Scarlet Forest insects.,Ambush,1,Entomologist,1,-,-,Fortifying Pelt,-,3000,Mimiphyta Ticket,2,Kut-Ku Scale+,4,Congalala Pelt+,2,-,-